Time,W2,W3,W6,W8
0.01665,376.9748521,376.9748239,376.9747052,376.9751557
0.0333,376.9748538,376.9748228,376.9747046,376.9751522
0.04995,376.9748557,376.9748218,376.974704,376.9751487
0.0666,376.9748575,376.9748208,376.9747035,376.9751453
0.08325,376.9748594,376.9748198,376.9747031,376.9751419
0.0999,376.9748614,376.9748189,376.9747027,376.9751385
0.11655,376.9748634,376.9748181,376.9747024,376.9751352
0.1332,376.9748654,376.9748173,376.9747021,376.9751319
0.14985,376.9748675,376.9748165,376.9747019,376.9751286
0.1665,376.9748696,376.9748158,376.9747017,376.9751254
0.18315,376.9748718,376.9748151,376.9747015,376.9751222
0.1998,376.974874,376.9748145,376.9747015,376.975119
0.21645,376.9748763,376.9748139,376.9747014,376.9751159
0.2331,376.9748786,376.9748134,376.9747014,376.9751128
0.24975,376.9748809,376.9748129,376.9747015,376.9751097
0.2664,376.9748833,376.9748124,376.9747016,376.9751067
0.28305,376.9748857,376.974812,376.9747018,376.9751037
0.2997,376.9748882,376.9748117,376.974702,376.9751007
0.31635,376.9748907,376.9748114,376.9747023,376.9750978
0.333,376.9748933,376.9748111,376.9747026,376.9750949
0.34965,376.9748959,376.9748109,376.974703,376.9750921
0.3663,376.9748985,376.9748107,376.9747034,376.9750892
0.38295,376.9749012,376.9748106,376.9747038,376.9750864
0.3996,376.9749039,376.9748105,376.9747044,376.9750837
0.41625,376.9749067,376.9748105,376.9747049,376.975081
0.4329,376.9749095,376.9748105,376.9747055,376.9750783
0.44955,376.9749123,376.9748106,376.9747062,376.9750756
0.4662,376.9749152,376.9748107,376.9747069,376.975073
0.48285,376.9749182,376.9748108,376.9747077,376.9750705
0.4995,376.9749211,376.974811,376.9747085,376.9750679
0.51615,376.9749241,376.9748113,376.9747094,376.9750654
0.5328,376.9749272,376.9748116,376.9747103,376.9750629
0.54945,376.9749303,376.9748119,376.9747113,376.9750605
0.5661,376.9749334,376.9748123,376.9747123,376.9750581
0.58275,376.9749366,376.9748127,376.9747133,376.9750557
0.5994,376.9749398,376.9748132,376.9747145,376.9750534
0.61605,376.9749431,376.9748137,376.9747156,376.9750511
0.6327,376.9749464,376.9748143,376.9747168,376.9750489
0.64935,376.9749497,376.9748149,376.9747181,376.9750467
0.666,376.9749531,376.9748155,376.9747194,376.9750445
0.68265,376.9749565,376.9748162,376.9747208,376.9750423
0.6993,376.97496,376.974817,376.9747222,376.9750402
0.71595,376.9749634,376.9748178,376.9747237,376.9750382
0.7326,376.974967,376.9748186,376.9747252,376.9750361
0.74925,376.9749706,376.9748195,376.9747267,376.9750341
0.7659,376.9749742,376.9748204,376.9747283,376.9750322
0.78255,376.9749778,376.9748214,376.97473,376.9750302
0.7992,376.9749815,376.9748224,376.9747317,376.9750284
0.81585,376.9749852,376.9748234,376.9747334,376.9750265
0.8325,376.974989,376.9748245,376.9747352,376.9750247
0.84915,376.9749928,376.9748257,376.9747371,376.9750229
0.8658,376.9749966,376.9748269,376.974739,376.9750212
0.88245,376.9750005,376.9748281,376.9747409,376.9750195
0.8991,376.9750044,376.9748294,376.9747429,376.9750178
0.91575,376.9750084,376.9748307,376.974745,376.9750162
0.9324,376.9750124,376.9748321,376.9747471,376.9750146
0.94905,376.9750164,376.9748335,376.9747492,376.9750131
0.9657,376.9750204,376.974835,376.9747514,376.9750116
0.98235,376.9750245,376.9748365,376.9747536,376.9750101
0.999,376.9750287,376.9748381,376.9747559,376.9750087
1.01565,376.9750328,376.9748397,376.9747582,376.9750073
1.0323,376.975037,376.9748413,376.9747606,376.9750059
1.04895,376.9750413,376.974843,376.974763,376.9750046
1.0656,376.9750456,376.9748447,376.9747655,376.9750033
1.08225,376.9750499,376.9748465,376.974768,376.975002
1.0989,376.9750542,376.9748483,376.9747706,376.9750008
1.11555,376.9750586,376.9748502,376.9747732,376.9749997
1.1322,376.975063,376.9748521,376.9747759,376.9749985
1.14885,376.9750675,376.974854,376.9747786,376.9749974
1.1655,376.975072,376.974856,376.9747813,376.9749964
1.18215,376.9750765,376.974858,376.9747841,376.9749954
1.1988,376.975081,376.9748601,376.974787,376.9749944
1.21545,376.9750856,376.9748622,376.9747899,376.9749935
1.2321,376.9750903,376.9748644,376.9747928,376.9749926
1.24875,376.9750949,376.9748666,376.9747958,376.9749917
1.2654,376.9750996,376.9748689,376.9747988,376.9749909
1.28205,376.9751043,376.9748712,376.9748019,376.9749901
1.2987,376.9751091,376.9748735,376.974805,376.9749893
1.31535,376.9751139,376.9748759,376.9748082,376.9749886
1.332,376.9751187,376.9748783,376.9748114,376.974988
1.34865,376.9751235,376.9748808,376.9748146,376.9749873
1.3653,376.9751284,376.9748833,376.9748179,376.9749867
1.38195,376.9751333,376.9748858,376.9748213,376.9749862
1.3986,376.9751383,376.9748884,376.9748247,376.9749857
1.41525,376.9751433,376.974891,376.9748281,376.9749852
1.4319,376.9751483,376.9748937,376.9748316,376.9749848
1.44855,376.9751533,376.9748964,376.9748351,376.9749844
1.4652,376.9751584,376.9748992,376.9748386,376.974984
1.48185,376.9751635,376.974902,376.9748423,376.9749837
1.4985,376.9751686,376.9749048,376.9748459,376.9749834
1.51515,376.9751738,376.9749077,376.9748496,376.9749831
1.5318,376.975179,376.9749106,376.9748533,376.9749829
1.54845,376.9751842,376.9749136,376.9748571,376.9749828
1.5651,376.9751895,376.9749166,376.9748609,376.9749826
1.58175,376.9751947,376.9749196,376.9748648,376.9749826
1.5984,376.9752,376.9749227,376.9748687,376.9749825
1.61505,376.9752054,376.9749258,376.9748727,376.9749825
1.6317,376.9752108,376.974929,376.9748767,376.9749825
1.64835,376.9752161,376.9749322,376.9748807,376.9749826
1.665,376.9752216,376.9749354,376.9748848,376.9749827
1.68165,376.975227,376.9749387,376.9748889,376.9749828
1.6983,376.9752325,376.9749421,376.9748931,376.974983
1.71495,376.975238,376.9749454,376.9748973,376.9749832
1.7316,376.9752435,376.9749488,376.9749015,376.9749835
1.74825,376.9752491,376.9749523,376.9749058,376.9749838
1.7649,376.9752547,376.9749557,376.9749101,376.9749841
1.78155,376.9752603,376.9749593,376.9749145,376.9749845
1.7982,376.9752659,376.9749628,376.9749189,376.9749849
1.81485,376.9752716,376.9749664,376.9749233,376.9749853
1.8315,376.9752773,376.9749701,376.9749278,376.9749858
1.84815,376.975283,376.9749737,376.9749323,376.9749864
1.8648,376.9752887,376.9749774,376.9749369,376.9749869
1.88145,376.9752945,376.9749812,376.9749415,376.9749875
1.8981,376.9753003,376.974985,376.9749461,376.9749882
1.91475,376.9753061,376.9749888,376.9749508,376.9749888
1.9314,376.9753119,376.9749927,376.9749556,376.9749896
1.94805,376.9753178,376.9749966,376.9749603,376.9749903
1.9647,376.9753237,376.9750005,376.9749651,376.9749911
1.98135,376.9753296,376.9750045,376.9749699,376.9749919
1.998,376.9812344,376.9815937,377.009829,376.989647
2.01465,376.9904015,376.9914058,377.0483182,377.0099366
2.0313,377.0000749,377.0010969,377.0800616,377.0287978
2.04795,377.0097741,377.0104764,377.1058852,377.0458784
2.0646,377.0193163,377.0195561,377.1259797,377.0610324
2.08125,377.0285997,377.0283517,377.1404448,377.0741452
2.0979,377.0375537,377.0368663,377.1494963,377.0851456
2.11455,377.0461281,377.0450968,377.153518,377.0940227
2.1312,377.0542912,377.0530387,377.153054,377.1008325
2.14785,377.0620295,377.0606886,377.1487815,377.1056962
2.1645,377.069347,377.0680464,377.1414745,377.1087953
2.18115,377.0762644,377.0751165,377.1319656,377.1103629
2.1978,377.0828174,377.0819088,377.1211084,377.1106746
2.21445,377.0890542,377.0884392,377.1097417,377.1100368
2.2311,377.0950334,377.0947301,377.0986567,377.1087751
2.24775,377.1008205,377.1008106,377.0885695,377.1072225
2.2644,377.1064851,377.1067155,377.0800985,377.1057067
2.28105,377.1120975,377.1124852,377.0737469,377.1045394
2.2977,377.1177258,377.1181642,377.0698927,377.1040055
2.31435,377.1234327,377.1238002,377.0687826,377.104354
2.331,377.1292733,377.1294421,377.0705337,377.1057907
2.34765,377.1352929,377.1351385,377.0751385,377.1084721
2.3643,377.1415255,377.1409361,377.0824754,377.1125022
2.38095,377.1479928,377.1468778,377.0923226,377.1179307
2.3976,377.1547036,377.1530009,377.1043752,377.1247532
2.41425,377.1616543,377.1593359,377.1182633,377.1329137
2.4309,377.1688293,377.1659053,377.1335722,377.1423085
2.44755,377.1762022,377.1727222,377.1498625,377.1527921
2.4642,377.1837376,377.1797902,377.1666886,377.1641841
2.48085,377.1913927,377.1871028,377.1836175,377.1762772
2.4975,377.1991193,377.1946439,377.200244,377.1888454
2.51415,377.2068665,377.2023876,377.2162048,377.2016538
2.5308,377.2145825,377.2102998,377.2311891,377.2144668
2.54745,377.2222168,377.2183391,377.2449463,377.2270568
2.5641,377.2297222,377.226458,377.2572912,377.2392125
2.58075,377.2370566,377.2346047,377.2681054,377.2507455
2.5974,377.2441845,377.2427249,377.2773369,377.2614964
2.61405,377.2510779,377.2507637,377.2849963,377.2713391
2.6307,377.257717,377.2586675,377.2911512,377.280184
2.64735,377.2640907,377.2663856,377.2959193,377.2879796
2.664,377.2701963,377.273872,377.299459,377.2947128
2.68065,377.2760394,377.2810867,377.3019603,377.300407
2.6973,377.281633,377.2879973,377.3036347,377.3051201
2.71395,377.2869964,377.2945796,377.3047049,377.3089404
2.7306,377.2921545,377.3008182,377.3053956,377.3119818
2.74725,377.2971356,377.3067069,377.3059245,377.3143785
2.7639,377.3019708,377.3122489,377.3064943,377.3162788
2.78055,377.3066922,377.3174558,377.3072862,377.3178389
2.7972,377.3113316,377.3223477,377.3084549,377.3192167
2.81385,377.3159189,377.3269515,377.3101245,377.3205661
2.8305,377.3204814,377.3313003,377.3123866,377.322031
2.84715,377.3250427,377.3354321,377.3152996,377.3237406
2.8638,377.3296216,377.3393877,377.3188888,377.3258054
2.88045,377.3342323,377.3432099,377.323149,377.3283141
2.8971,377.3388834,377.3469418,377.3280467,377.3313311
2.91375,377.3435783,377.3506248,377.3335238,377.3348956
2.9304,377.3483155,377.3542981,377.3395024,377.3390215
2.94705,377.3530886,377.3579968,377.3458892,377.343698
2.9637,377.357887,377.3617509,377.3525802,377.3488916
2.98035,377.3626968,377.3655848,377.359466,377.3545481
2.997,377.3675015,377.3695166,377.366436,377.3605963
3.01365,377.3722825,377.3735573,377.3733829,377.3669512
3.0303,377.3770207,377.3777113,377.3802066,377.3735183
3.04695,377.3816966,377.3819763,377.3868171,377.380197
3.0636,377.3862916,377.3863435,377.3931372,377.3868857
3.08025,377.3907884,377.3907985,377.3991042,377.3934847
3.0969,377.3951718,377.3953216,377.4046711,377.3999005
3.11355,377.3994291,377.3998892,377.4098069,377.4060488
3.1302,377.4035504,377.4044745,377.4144964,377.411857
3.14685,377.4075289,377.4090486,377.4187393,377.4172665
3.1635,377.411361,377.4135817,377.4225493,377.4222342
3.18015,377.4150459,377.4180441,377.4259516,377.4267328
3.1968,377.4185859,377.422407,377.4289818,377.4307515
3.21345,377.4219858,377.4266441,377.4316831,377.4342951
3.2301,377.4252524,377.4307315,377.4341042,377.4373831
3.24675,377.4283945,377.4346492,377.4362972,377.440048
3.2634,377.4314222,377.4383812,377.438315,377.4423337
3.28005,377.4343461,377.441916,377.4402095,377.4442925
3.2967,377.4371774,377.4452467,377.4420299,377.4459832
3.31335,377.4399271,377.448371,377.4438209,377.4474685
3.33,377.4426055,377.4512912,377.4456218,377.4488121
3.34665,377.4452221,377.4540139,377.4474652,377.4500764
3.3633,377.4477852,377.4565494,377.4493765,377.4513203
3.37995,377.4503014,377.4589114,377.4513738,377.452597
3.3966,377.4527761,377.461116,377.4534678,377.4539526
3.41325,377.4552128,377.4631815,377.4556623,377.4554246
3.4299,377.4576134,377.4651273,377.4579542,377.457041
3.44655,377.4599783,377.4669735,377.4603348,377.4588201
3.4632,377.4623064,377.46874,377.4627902,377.46077
3.47985,377.4645953,377.4704457,377.4653028,377.4628892
3.4965,377.4668417,377.4721082,377.4678515,377.4651673
3.51315,377.4690413,377.4737434,377.4704138,377.4675859
3.5298,377.4711895,377.4753645,377.4729658,377.4701196
3.54645,377.4732813,377.4769822,377.4754839,377.4727376
3.5631,377.4753115,377.4786045,377.4779451,377.4754056
3.57975,377.4772753,377.4802362,377.4803281,377.4780864
3.5964,377.4791682,377.4818793,377.482614,377.4807426
3.61305,377.4809863,377.483533,377.4847864,377.4833373
3.6297,377.4827263,377.4851938,377.4868322,377.4858356
3.64635,377.4843857,377.4868561,377.4887414,377.4882062
3.663,377.4859629,377.488512,377.4905074,377.4904221
3.67965,377.487457,377.4901522,377.4921271,377.4924613
3.6963,377.488868,377.4917662,377.4936002,377.4943076
3.71295,377.4901967,377.493343,377.4949296,377.4959506
3.7296,377.4914446,377.4948711,377.4961207,377.497386
3.74625,377.4926137,377.4963393,377.4971809,377.4986152
3.7629,377.4937066,377.4977368,377.4981195,377.4996449
3.77955,377.494726,377.499054,377.498947,377.5004869
3.7962,377.4956752,377.5002823,377.4996748,377.5011566
3.81285,377.4965574,377.5014147,377.5003147,377.5016731
3.8295,377.4973758,377.5024458,377.5008783,377.5020575
3.84615,377.4981335,377.5033719,377.501377,377.5023324
3.8628,377.4988335,377.5041912,377.5018215,377.5025209
3.87945,377.4994785,377.5049036,377.5022213,377.5026456
3.8961,377.5000707,377.5055107,377.5025848,377.5027278
3.91275,377.5006123,377.5060158,377.502919,377.502787
3.9294,377.5011048,377.5064233,377.5032296,377.50284
3.94605,377.5015495,377.5067391,377.5035205,377.5029009
3.9627,377.5019473,377.5069696,377.5037943,377.5029801
3.97935,377.5022987,377.5071222,377.5040522,377.5030848
3.996,377.5026041,377.5072046,377.5042939,377.5032186
4.01265,377.5028635,377.5072246,377.504518,377.503382
4.0293,377.5030766,377.5071899,377.5047222,377.503572
4.04595,377.5032432,377.5071076,377.5049031,377.503783
4.0626,377.5033629,377.5069847,377.505057,377.5040072
4.07925,377.5034352,377.506827,377.5051795,377.5042347
4.0959,377.5034596,377.5066398,377.5052661,377.5044544
4.11255,377.5034358,377.5064271,377.5053121,377.5046543
4.1292,377.5033635,377.506192,377.5053131,377.5048223
4.14585,377.5032424,377.5059367,377.505265,377.5049463
4.1625,377.5030725,377.5056621,377.505164,377.5050153
4.17915,377.5028538,377.5053683,377.5050068,377.5050191
4.1958,377.5025865,377.5050545,377.5047908,377.504949
4.21245,377.502271,377.504719,377.5045143,377.5047982
4.2291,377.5019077,377.5043596,377.5041758,377.5045615
4.24575,377.5014974,377.5039733,377.5037749,377.5042361
4.2624,377.5010406,377.5035572,377.5033119,377.5038207
4.27905,377.5005383,377.5031077,377.5027876,377.5033163
4.2957,377.4999914,377.5026215,377.5022036,377.5027254
4.31235,377.4994008,377.5020953,377.5015617,377.5020522
4.329,377.4987676,377.5015258,377.5008645,377.5013022
4.34565,377.4980927,377.5009104,377.5001148,377.5004821
4.3623,377.4973773,377.5002466,377.4993157,377.4995991
4.37895,377.4966224,377.4995327,377.4984704,377.4986609
4.3956,377.495829,377.4987673,377.4975824,377.4976755
4.41225,377.4949981,377.4979497,377.4966549,377.4966505
4.4289,377.4941306,377.4970799,377.495691,377.4955934
4.44555,377.4932275,377.4961583,377.4946939,377.4945107
4.4622,377.4922896,377.495186,377.4936662,377.4934084
4.47885,377.4913177,377.4941644,377.4926104,377.4922913
4.4955,377.4903127,377.4930956,377.4915285,377.4911633
4.51215,377.4892752,377.4919819,377.4904225,377.490027
4.5288,377.4882059,377.4908259,377.4892935,377.488884
4.54545,377.4871056,377.4896304,377.4881426,377.4877348
4.5621,377.4859747,377.4883984,377.4869703,377.4865791
4.57875,377.4848139,377.4871326,377.485777,377.4854154
4.5954,377.4836237,377.4858361,377.4845625,377.4842416
4.61205,377.4824046,377.4845116,377.4833267,377.4830551
4.6287,377.4811573,377.4831615,377.4820688,377.4818528
4.64535,377.479882,377.4817881,377.4807883,377.4806314
4.662,377.4785794,377.4803936,377.4794844,377.4793874
4.67865,377.4772499,377.4789794,377.4781561,377.4781176
4.6953,377.475894,377.477547,377.4768026,377.4768189
4.71195,377.474512,377.4760974,377.4754231,377.4754885
4.7286,377.4731046,377.4746312,377.4740169,377.4741242
4.74525,377.4716721,377.4731489,377.4725833,377.4727242
4.7619,377.4702149,377.4716503,377.4711219,377.4712874
4.77855,377.4687336,377.4701355,377.4696325,377.4698133
4.7952,377.4672287,377.4686041,377.468115,377.4683019
4.81185,377.4657006,377.4670554,377.4665695,377.4667539
4.8285,377.4641498,377.4654889,377.4649966,377.4651704
4.84515,377.4625768,377.4639039,377.4633966,377.4635531
4.8618,377.4609821,377.4622997,377.4617705,377.4619041
4.87845,377.4593664,377.4606755,377.4601191,377.4602256
4.8951,377.45773,377.4590309,377.4584436,377.4585204
4.91175,377.4560737,377.4573653,377.4567452,377.4567911
4.9284,377.454398,377.4556782,377.4550251,377.4550404
4.94505,377.4527034,377.4539696,377.4532847,377.453271
4.9617,377.4509905,377.4522394,377.4515255,377.4514854
4.97835,377.4492601,377.4504877,377.4497487,377.449686
4.995,377.4475126,377.4487148,377.4479557,377.4478748
5.01165,377.4457487,377.4469213,377.4461478,377.4460535
5.0283,377.4439689,377.4451077,377.4443261,377.4442237
5.04495,377.442174,377.4432749,377.4424918,377.4423863
5.0616,377.4403644,377.4414238,377.4406457,377.4405423
5.07825,377.4385408,377.4395553,377.4387886,377.4386919
5.0949,377.4367038,377.4376707,377.4369213,377.4368354
5.11155,377.4348539,377.4357711,377.4350443,377.4349726
5.1282,377.4329915,377.4338576,377.4331581,377.4331032
5.14485,377.4311173,377.4319313,377.4312629,377.4312267
5.1615,377.4292318,377.4299935,377.429359,377.4293425
5.17815,377.4273354,377.4280453,377.4274464,377.4274498
5.1948,377.4254285,377.4260875,377.4255252,377.4255479
5.21145,377.4235116,377.4241213,377.4235955,377.4236362
5.2281,377.4215852,377.4221474,377.4216571,377.421714
5.24475,377.4196495,377.4201666,377.41971,377.4197808
5.2614,377.4177051,377.4181796,377.4177543,377.4178363
5.27805,377.4157522,377.4161869,377.4157898,377.4158801
5.2947,377.4137912,377.4141889,377.4138166,377.4139124
5.31135,377.4118225,377.4121859,377.4118348,377.4119331
5.328,377.4098465,377.4101783,377.4098445,377.4099425
5.34465,377.4078635,377.4081663,377.4078459,377.4079413
5.3613,377.4058738,377.4061499,377.4058393,377.4059298
5.37795,377.4038779,377.4041293,377.403825,377.403909
5.3946,377.401876,377.4021045,377.4018035,377.4018797
5.41125,377.3998686,377.4000755,377.3997751,377.3998427
5.4279,377.397856,377.3980424,377.3977406,377.3977991
5.44455,377.3958387,377.3960051,377.3957003,377.39575
5.4612,377.3938169,377.3939639,377.393655,377.3936962
5.47785,377.3917912,377.3919187,377.3916053,377.3916389
5.4945,377.3897618,377.3898696,377.3895518,377.3895789
5.51115,377.3877293,377.3878169,377.3874953,377.3875172
5.5278,377.385694,377.3857607,377.3854362,377.3854545
5.54445,377.3836563,377.3837014,377.3833754,377.3833916
5.5611,377.3816166,377.3816391,377.3813133,377.381329
5.57775,377.3795754,377.3795743,377.3792506,377.3792673
5.5944,377.3775329,377.3775073,377.3771878,377.3772068
5.61105,377.3754897,377.3754386,377.3751252,377.3751479
5.6277,377.3734461,377.3733687,377.3730635,377.3730907
5.64435,377.3714024,377.371298,377.3710028,377.3710355
5.661,377.3693589,377.369227,377.3689437,377.3689822
5.67765,377.3673161,377.3671562,377.3668862,377.366931
5.6943,377.3652743,377.3650861,377.3648308,377.3648818
5.71095,377.3632337,377.3630173,377.3627775,377.3628346
5.7276,377.3611947,377.3609502,377.3607265,377.3607893
5.74425,377.3591575,377.3588853,377.3586781,377.3587459
5.7609,377.3571224,377.3568231,377.3566323,377.3567045
5.77755,377.3550898,377.3547638,377.3545892,377.3546649
5.7942,377.3530598,377.3527081,377.352549,377.3526274
5.81085,377.3510327,377.3506561,377.3505117,377.350592
5.8275,377.3490087,377.3486082,377.3484776,377.3485587
5.84415,377.3469882,377.3465648,377.3464468,377.346528
5.8608,377.3449713,377.344526,377.3444194,377.3444998
5.87745,377.3429582,377.3424921,377.3423956,377.3424747
5.8941,377.3409493,377.3404634,377.3403756,377.3404528
5.91075,377.3389447,377.3384399,377.3383596,377.3384345
5.9274,377.3369447,377.3364219,377.336348,377.3364203
5.94405,377.3349495,377.3344095,377.3343409,377.3344105
5.9607,377.3329594,377.3324029,377.3323386,377.3324055
5.97735,377.3309745,377.3304022,377.3303414,377.3304057
5.994,377.3289952,377.3284075,377.3283498,377.3284117
6.01065,377.3270217,377.3264189,377.3263638,377.3264236
6.0273,377.3250542,377.3244367,377.324384,377.3244421
6.04395,377.3230929,377.3224609,377.3224105,377.3224673
6.0606,377.3211381,377.3204917,377.3204437,377.3204997
6.07725,377.3191901,377.3185292,377.3184839,377.3185395
6.0939,377.3172489,377.3165736,377.3165314,377.3165871
6.11055,377.3153149,377.3146251,377.3145865,377.3146426
6.1272,377.3133882,377.312684,377.3126494,377.3127062
6.14385,377.3114692,377.3107502,377.3107203,377.3107782
6.1605,377.3095579,377.3088242,377.3087995,377.3088586
6.17715,377.3076545,377.3069061,377.3068871,377.3069477
6.1938,377.3057593,377.304996,377.3049834,377.3050454
6.21045,377.3038724,377.3030943,377.3030884,377.303152
6.2271,377.3019941,377.3012011,377.3012024,377.3012675
6.24375,377.3001243,377.2993167,377.2993255,377.2993918
6.2604,377.2982634,377.2974412,377.2974578,377.2975252
6.27705,377.2964115,377.2955749,377.2955993,377.2956677
6.2937,377.2945687,377.293718,377.2937502,377.2938192
6.31035,377.2927352,377.2918706,377.2919106,377.29198
6.327,377.290911,377.290033,377.2900806,377.2901501
6.34365,377.2890964,377.2882052,377.2882602,377.2883296
6.3603,377.2872915,377.2863876,377.2864496,377.2865185
6.37695,377.2854963,377.2845802,377.2846488,377.2847171
6.3936,377.2837111,377.2827831,377.282858,377.2829254
6.41025,377.2819359,377.2809966,377.2810772,377.2811436
6.4269,377.2801709,377.2792206,377.2793066,377.2793718
6.44355,377.2784161,377.2774554,377.2775462,377.2776101
6.4602,377.2766718,377.275701,377.2757962,377.2758588
6.47685,377.2749379,377.2739575,377.2740568,377.274118
6.4935,377.2732147,377.272225,377.272328,377.2723878
6.51015,377.2715022,377.2705036,377.2706099,377.2706684
6.5268,377.2698005,377.2687934,377.2689028,377.26896
6.54345,377.2681099,377.2670944,377.2672066,377.2672627
6.5601,377.2664302,377.2654067,377.2655217,377.2655767
6.57675,377.2647617,377.2637304,377.263848,377.2639021
6.5934,377.2631045,377.2620656,377.2621858,377.262239
6.61005,377.2614587,377.2604122,377.260535,377.2605875
6.6267,377.2598242,377.2587705,377.2588959,377.2589477
6.64335,377.2582013,377.2571405,377.2572685,377.2573198
6.66,377.25659,377.2555221,377.255653,377.2557038
6.67665,377.2549904,377.2539156,377.2540494,377.2540998
6.6933,377.2534026,377.252321,377.2524578,377.2525078
6.70995,377.2518265,377.2507383,377.2508783,377.2509279
6.7266,377.2502624,377.2491676,377.2493108,377.2493601
6.74325,377.2487103,377.247609,377.2477556,377.2478045
6.7599,377.2471701,377.2460625,377.2462126,377.246261
6.77655,377.2456421,377.2445283,377.2446819,377.2447298
6.7932,377.2441261,377.2430064,377.2431635,377.2432108
6.80985,377.2426224,377.2414967,377.2416574,377.2417041
6.8265,377.2411308,377.2399995,377.2401638,377.2402096
6.84315,377.2396516,377.2385148,377.2386825,377.2387275
6.8598,377.2381846,377.2370425,377.2372136,377.2372577
6.87645,377.2367299,377.2355828,377.2357571,377.2358002
6.8931,377.2352877,377.2341357,377.2343131,377.2343552
6.90975,377.2338578,377.2327012,377.2328816,377.2329225
6.9264,377.2324404,377.2312794,377.2314626,377.2315022
6.94305,377.2310354,377.2298702,377.2300561,377.2300945
6.9597,377.2296429,377.2284738,377.2286622,377.2286992
6.97635,377.228263,377.2270901,377.2272808,377.2273164
6.993,377.2268955,377.2257192,377.225912,377.2259462
7.00965,377.2255407,377.224361,377.2245558,377.2245887
7.0263,377.2241984,377.2230157,377.2232123,377.2232437
7.04295,377.2228687,377.2216831,377.2218814,377.2219114
7.0596,377.2215517,377.2203633,377.2205632,377.2205918
7.07625,377.2202472,377.2190564,377.2192577,377.219285
7.0929,377.2189554,377.2177622,377.2179649,377.2179908
7.10955,377.2176762,377.2164808,377.2166849,377.2167094
7.1262,377.2164097,377.2152123,377.2154176,377.2154408
7.14285,377.2151559,377.2139565,377.214163,377.214185
7.1595,377.2139146,377.2127135,377.2129213,377.2129419
7.17615,377.2126861,377.2114833,377.2116923,377.2117116
7.1928,377.2114702,377.2102659,377.210476,377.2104941
7.20945,377.2102669,377.2090612,377.2092726,377.2092894
7.2261,377.2090763,377.2078693,377.2080818,377.2080974
7.24275,377.2078983,377.2066902,377.2069039,377.2069182
7.2594,377.2067329,377.2055238,377.2057387,377.2057517
7.27605,377.2055802,377.20437,377.2045861,377.2045979
7.2927,377.20444,377.203229,377.2034463,377.2034567
7.30935,377.2033123,377.2021007,377.2023192,377.2023282
7.326,377.2021972,377.200985,377.2012046,377.2012123
7.34265,377.2010946,377.199882,377.2001027,377.200109
7.3593,377.2000045,377.1987916,377.1990134,377.1990182
7.37595,377.1989269,377.1977138,377.1979366,377.19794
7.3926,377.1978618,377.1966485,377.1968724,377.1968742
7.40925,377.196809,377.1955958,377.1958206,377.1958209
7.4259,377.1957686,377.1945556,377.1947812,377.19478
7.44255,377.1947406,377.1935279,377.1937543,377.1937514
7.4592,377.1937249,377.1925126,377.1927397,377.1927352
7.47585,377.1927214,377.1915097,377.1917375,377.1917313
7.4925,377.1917302,377.1905192,377.1907476,377.1907397
7.50915,377.1907513,377.189541,377.1897699,377.1897604
7.5258,377.1897845,377.1885751,377.1888044,377.1887932
7.54245,377.1888298,377.1876215,377.1878511,377.1878382
7.5591,377.1878872,377.18668,377.1869099,377.1868953
7.57575,377.1869567,377.1857507,377.1859808,377.1859645
7.5924,377.1860382,377.1848335,377.1850638,377.1850458
7.60905,377.1851316,377.1839284,377.1841588,377.1841391
7.6257,377.1842369,377.1830353,377.1832658,377.1832443
7.64235,377.1833542,377.1821541,377.1823846,377.1823614
7.659,377.1824832,377.1812849,377.1815154,377.1814905
7.67565,377.181624,377.1804275,377.180658,377.1806313
7.6923,377.1807765,377.1795819,377.1798123,377.179784
7.70895,377.1799407,377.1787481,377.1789784,377.1789483
7.7256,377.1791165,377.1779259,377.1781562,377.1781244
7.74225,377.1783039,377.1771154,377.1773456,377.177312
7.7589,377.1775028,377.1763165,377.1765465,377.1765112
7.77555,377.1767131,377.1755291,377.175759,377.1757219
7.7922,377.1759348,377.1747532,377.1749829,377.174944
7.80885,377.1751678,377.1739886,377.1742182,377.1741775
7.8255,377.1744121,377.1732354,377.1734648,377.1734224
7.84215,377.1736676,377.1724935,377.1727226,377.1726784
7.8588,377.1729342,377.1717628,377.1719917,377.1719457
7.87545,377.172212,377.1710433,377.1712719,377.1712241
7.8921,377.1715007,377.1703348,377.1705631,377.1705135
7.90875,377.1708004,377.1696374,377.1698654,377.1698139
7.9254,377.170111,377.1689509,377.1691786,377.1691252
7.94205,377.1694324,377.1682753,377.1685026,377.1684474
7.9587,377.1687646,377.1676106,377.1678375,377.1677804
7.97535,377.1681075,377.1669566,377.167183,377.167124
7.992,377.167461,377.1663133,377.1665392,377.1664783
8.00865,377.166825,377.1656806,377.165906,377.1658432
8.0253,377.1661996,377.1650584,377.1652833,377.1652186
8.04195,377.1655845,377.1644468,377.1646711,377.1646044
8.0586,377.1649799,377.1638455,377.1640692,377.1640006
8.07525,377.1643854,377.1632546,377.1634776,377.1634071
8.0919,377.1638012,377.1626739,377.1628963,377.1628238
8.10855,377.1632271,377.1621034,377.1623251,377.1622506
8.1252,377.1626631,377.161543,377.161764,377.1616876
8.14185,377.1621091,377.1609927,377.1612129,377.1611345
8.1585,377.161565,377.1604523,377.1606717,377.1605914
8.17515,377.1610307,377.1599218,377.1601404,377.1600582
8.1918,377.1605062,377.1594011,377.1596189,377.1595347
8.20845,377.1599914,377.1588902,377.1591072,377.159021
8.2251,377.1594862,377.1583889,377.1586051,377.1585169
8.24175,377.1589906,377.1578972,377.1581125,377.1580224
8.2584,377.1585044,377.157415,377.1576294,377.1575373
8.27505,377.1580277,377.1569422,377.1571558,377.1570617
8.2917,377.1575602,377.1564788,377.1566915,377.1565954
8.30835,377.157102,377.1560247,377.1562365,377.1561384
8.325,377.1566529,377.1555797,377.1557906,377.1556906
8.34165,377.1562129,377.1551439,377.1553539,377.1552518
8.3583,377.1557819,377.1547171,377.1549262,377.1548221
8.37495,377.1553599,377.1542993,377.1545074,377.1544013
8.3916,377.1549467,377.1538903,377.1540975,377.1539894
8.40825,377.1545423,377.1534902,377.1536964,377.1535863
8.4249,377.1541465,377.1530987,377.153304,377.1531919
8.44155,377.1537594,377.1527159,377.1529202,377.1528061
8.4582,377.1533809,377.1523417,377.152545,377.1524289
8.47485,377.1530107,377.151976,377.1521783,377.1520601
8.4915,377.152649,377.1516186,377.1518199,377.1516997
8.50815,377.1522955,377.1512696,377.1514698,377.1513476
8.5248,377.1519503,377.1509288,377.151128,377.1510038
8.54145,377.1516132,377.1505962,377.1507943,377.150668
8.5581,377.1512842,377.1502717,377.1504687,377.1503404
8.57475,377.1509632,377.1499552,377.1501511,377.1500207
8.5914,377.15065,377.1496465,377.1498414,377.149709
8.60805,377.1503447,377.1493458,377.1495395,377.1494051
8.6247,377.1500472,377.1490528,377.1492454,377.1491089
8.64135,377.1497572,377.1487674,377.148959,377.1488204
8.658,377.1494749,377.1484897,377.1486801,377.1485395
8.67465,377.1492001,377.1482195,377.1484087,377.1482661
8.6913,377.1489327,377.1479567,377.1481448,377.1480001
8.70795,377.1486727,377.1477013,377.1478883,377.1477415
8.7246,377.1484199,377.1474531,377.147639,377.1474901
8.74125,377.1481743,377.1472122,377.1473969,377.1472459
8.7579,377.1479359,377.1469783,377.1471619,377.1470089
8.77455,377.1477044,377.1467516,377.1469339,377.1467789
8.7912,377.1474799,377.1465317,377.1467129,377.1465559
8.80785,377.1472623,377.1463188,377.1464988,377.1463397
8.8245,377.1470515,377.1461126,377.1462915,377.1461303
8.84115,377.1468474,377.1459132,377.1460909,377.1459277
8.8578,377.1466499,377.1457204,377.1458969,377.1457317
8.87445,377.146459,377.1455342,377.1457095,377.1455422
8.8911,377.1462746,377.1453544,377.1455286,377.1453593
8.90775,377.1460966,377.1451811,377.1453541,377.1451827
8.9244,377.1459249,377.1450141,377.1451859,377.1450125
8.94105,377.1457595,377.1448534,377.145024,377.1448485
8.9577,377.1456002,377.1446988,377.1448683,377.1446907
8.97435,377.1454471,377.1445503,377.1447186,377.144539
8.991,377.1452999,377.1444078,377.144575,377.1443933
9.00765,377.1451587,377.1442713,377.1444373,377.1442536
9.0243,377.1450234,377.1441407,377.1443054,377.1441197
9.04095,377.1448939,377.1440158,377.1441794,377.1439916
9.0576,377.14477,377.1438967,377.1440591,377.1438693
9.07425,377.1446519,377.1437831,377.1439444,377.1437525
9.0909,377.1445393,377.1436752,377.1438352,377.1436414
9.10755,377.1444321,377.1435727,377.1437316,377.1435357
9.1242,377.1443305,377.1434757,377.1436334,377.1434354
9.14085,377.1442341,377.143384,377.1435405,377.1433405
9.1575,377.144143,377.1432975,377.1434528,377.1432508
9.17415,377.1440571,377.1432163,377.1433704,377.1431664
9.1908,377.1439764,377.1431401,377.1432931,377.143087
9.20745,377.1439007,377.143069,377.1432208,377.1430127
9.2241,377.14383,377.1430029,377.1431535,377.1429434
9.24075,377.1437642,377.1429416,377.1430911,377.142879
9.2574,377.1437032,377.1428852,377.1430335,377.1428194
9.27405,377.143647,377.1428336,377.1429807,377.1427646
9.2907,377.1435955,377.1427866,377.1429326,377.1427145
9.30735,377.1435486,377.1427443,377.1428891,377.142669
9.324,377.1435063,377.1427065,377.1428501,377.142628
9.34065,377.1434684,377.1426731,377.1428157,377.1425915
9.3573,377.143435,377.1426442,377.1427856,377.1425595
9.37395,377.1434059,377.1426196,377.1427598,377.1425317
9.3906,377.1433811,377.1425992,377.1427384,377.1425083
9.40725,377.1433606,377.1425831,377.1427211,377.142489
9.4239,377.1433441,377.1425711,377.142708,377.1424739
9.44055,377.1433318,377.1425631,377.1426989,377.1424629
9.4572,377.1433234,377.1425592,377.1426939,377.1424559
9.47385,377.143319,377.1425591,377.1426928,377.1424528
9.4905,377.1433185,377.142563,377.1426955,377.1424536
9.50715,377.1433218,377.1425706,377.142702,377.1424581
9.5238,377.1433288,377.142582,377.1427123,377.1424665
9.54045,377.1433395,377.142597,377.1427263,377.1424785
9.5571,377.1433539,377.1426156,377.1427438,377.1424941
9.57375,377.1433718,377.1426378,377.1427649,377.1425132
9.5904,377.1433932,377.1426634,377.1427895,377.1425359
9.60705,377.143418,377.1426925,377.1428175,377.142562
9.6237,377.1434462,377.1427249,377.1428489,377.1425914
9.64035,377.1434777,377.1427606,377.1428835,377.1426241
9.657,377.1435125,377.1427995,377.1429214,377.1426601
9.67365,377.1435504,377.1428416,377.1429625,377.1426992
9.6903,377.1435915,377.1428868,377.1430067,377.1427415
9.70695,377.1436356,377.142935,377.1430539,377.1427868
9.7236,377.1436828,377.1429862,377.1431041,377.1428351
9.74025,377.1437328,377.1430404,377.1431573,377.1428864
9.7569,377.1437858,377.1430974,377.1432133,377.1429405
9.77355,377.1438416,377.1431572,377.1432721,377.1429975
9.7902,377.1439002,377.1432198,377.1433337,377.1430572
9.80685,377.1439615,377.143285,377.143398,377.1431196
9.8235,377.1440255,377.1433529,377.143465,377.1431847
9.84015,377.1440921,377.1434234,377.1435345,377.1432524
9.8568,377.1441612,377.1434964,377.1436066,377.1433226
9.87345,377.1442328,377.1435719,377.1436812,377.1433953
9.8901,377.1443069,377.1436498,377.1437582,377.1434704
9.90675,377.1443833,377.1437301,377.1438375,377.1435479
9.9234,377.1444621,377.1438127,377.1439192,377.1436278
9.94005,377.1445432,377.1438975,377.1440032,377.1437099
9.9567,377.1446264,377.1439846,377.1440893,377.1437942
9.97335,377.1447119,377.1440738,377.1441776,377.1438807
9.99,377.1447995,377.1441651,377.1442681,377.1439693
10.00665,377.1448892,377.1442584,377.1443605,377.14406
10.0233,377.1449809,377.1443538,377.144455,377.1441527
10.03995,377.1450746,377.1444511,377.1445515,377.1442473
10.0566,377.1451702,377.1445503,377.1446499,377.1443439
10.07325,377.1452676,377.1446513,377.1447501,377.1444423
10.0899,377.1453669,377.1447542,377.1448521,377.1445426
10.10655,377.145468,377.1448588,377.1449559,377.1446446
10.1232,377.1455708,377.1449651,377.1450614,377.1447483
10.13985,377.1456753,377.1450731,377.1451686,377.1448537
10.1565,377.1457815,377.1451826,377.1452774,377.1449608
10.17315,377.1458892,377.1452938,377.1453878,377.1450694
10.1898,377.1459985,377.1454065,377.1454997,377.1451796
10.20645,377.1461093,377.1455207,377.1456131,377.1452912
10.2231,377.1462216,377.1456362,377.145728,377.1454044
10.23975,377.1463352,377.1457532,377.1458443,377.1455189
10.2564,377.1464503,377.1458716,377.1459619,377.1456348
10.27305,377.1465666,377.1459912,377.1460808,377.145752
10.2897,377.1466843,377.1461121,377.146201,377.1458704
10.30635,377.1468032,377.1462342,377.1463224,377.1459901
10.323,377.1469233,377.1463575,377.146445,377.146111
10.33965,377.1470446,377.1464819,377.1465687,377.1462331
10.3563,377.147167,377.1466075,377.1466936,377.1463563
10.37295,377.1472905,377.1467341,377.1468195,377.1464805
10.3896,377.147415,377.1468617,377.1469465,377.1466058
10.40625,377.1475405,377.1469902,377.1470744,377.1467321
10.4229,377.147667,377.1471198,377.1472033,377.1468593
10.43955,377.1477945,377.1472502,377.1473331,377.1469874
10.4562,377.1479228,377.1473815,377.1474638,377.1471165
10.47285,377.148052,377.1475136,377.1475953,377.1472463
10.4895,377.1481819,377.1476465,377.1477276,377.147377
10.50615,377.1483127,377.1477802,377.1478607,377.1475085
10.5228,377.1484442,377.1479146,377.1479945,377.1476407
10.53945,377.1485765,377.1480497,377.148129,377.1477735
10.5561,377.1487094,377.1481854,377.1482642,377.1479071
10.57275,377.1488429,377.1483217,377.1484,377.1480413
10.5894,377.1489771,377.1484587,377.1485364,377.1481761
10.60605,377.1491119,377.1485961,377.1486733,377.1483114
10.6227,377.1492471,377.1487341,377.1488108,377.1484473
10.63935,377.1493829,377.1488726,377.1489488,377.1485837
10.656,377.1495192,377.1490115,377.1490872,377.1487206
10.67265,377.1496559,377.1491509,377.1492261,377.1488579
10.6893,377.1497931,377.1492906,377.1493653,377.1489956
10.70595,377.1499306,377.1494308,377.1495049,377.1491336
10.7226,377.1500685,377.1495712,377.1496449,377.1492721
10.73925,377.1502067,377.1497119,377.1497852,377.1494108
10.7559,377.1503452,377.1498529,377.1499258,377.1495498
10.77255,377.150484,377.1499942,377.1500666,377.1496891
10.7892,377.150623,377.1501357,377.1502076,377.1498286
10.80585,377.1507622,377.1502773,377.1503489,377.1499684
10.8225,377.1509016,377.1504192,377.1504903,377.1501083
10.83915,377.1510412,377.1505611,377.1506318,377.1502483
10.8558,377.1511809,377.1507032,377.1507735,377.1503885
10.87245,377.1513208,377.1508453,377.1509153,377.1505288
10.8891,377.1514607,377.1509875,377.1510571,377.1506691
10.90575,377.1516006,377.1511298,377.1511989,377.1508095
10.9224,377.1517406,377.151272,377.1513408,377.1509499
10.93905,377.1518806,377.1514142,377.1514827,377.1510903
10.9557,377.1520206,377.1515564,377.1516245,377.1512307
10.97235,377.1521605,377.1516986,377.1517663,377.1513711
10.989,377.1523004,377.1518406,377.151908,377.1515113
11.00565,377.1524402,377.1519825,377.1520496,377.1516515
11.0223,377.1525798,377.1521243,377.1521911,377.1517916
11.03895,377.1527194,377.1522659,377.1523324,377.1519315
11.0556,377.1528588,377.1524074,377.1524736,377.1520712
11.07225,377.152998,377.1525486,377.1526146,377.1522108
11.0889,377.153137,377.1526897,377.1527553,377.1523502
11.10555,377.1532758,377.1528305,377.1528959,377.1524893
11.1222,377.1534144,377.152971,377.1530361,377.1526282
11.13885,377.1535527,377.1531113,377.1531762,377.1527668
11.1555,377.1536908,377.1532513,377.1533159,377.1529052
11.17215,377.1538285,377.153391,377.1534553,377.1530433
11.1888,377.153966,377.1535303,377.1535944,377.153181
11.20545,377.1541031,377.1536693,377.1537332,377.1533184
11.2221,377.1542399,377.1538079,377.1538715,377.1534554
11.23875,377.1543763,377.1539461,377.1540096,377.1535921
11.2554,377.1545123,377.1540839,377.1541472,377.1537284
11.27205,377.1546479,377.1542213,377.1542844,377.1538643
11.2887,377.1547831,377.1543583,377.1544212,377.1539998
11.30535,377.1549179,377.1544948,377.1545575,377.1541348
11.322,377.1550523,377.1546308,377.1546934,377.1542694
11.33865,377.1551861,377.1547664,377.1548288,377.1544035
11.3553,377.1553195,377.1549015,377.1549637,377.1545371
11.37195,377.1554524,377.155036,377.1550981,377.1546702
11.3886,377.1555848,377.15517,377.155232,377.1548028
11.40525,377.1557167,377.1553035,377.1553653,377.1549349
11.4219,377.1558481,377.1554365,377.1554981,377.1550664
11.43855,377.1559789,377.1555688,377.1556304,377.1551974
11.4552,377.1561091,377.1557006,377.155762,377.1553279
11.47185,377.1562388,377.1558318,377.1558931,377.1554577
11.4885,377.1563679,377.1559624,377.1560236,377.155587
11.50515,377.1564964,377.1560924,377.1561535,377.1557156
11.5218,377.1566242,377.1562218,377.1562828,377.1558437
11.53845,377.1567515,377.1563505,377.1564114,377.1559711
11.5551,377.1568781,377.1564786,377.1565394,377.1560979
11.57175,377.1570041,377.156606,377.1566668,377.156224
11.5884,377.1571295,377.1567327,377.1567934,377.1563495
11.60505,377.1572542,377.1568588,377.1569194,377.1564743
11.6217,377.1573782,377.1569841,377.1570448,377.1565985
11.63835,377.1575015,377.1571088,377.1571694,377.1567219
11.655,377.1576241,377.1572328,377.1572933,377.1568447
11.67165,377.1577461,377.157356,377.1574165,377.1569667
11.6883,377.1578673,377.1574785,377.157539,377.1570881
11.70495,377.1579878,377.1576003,377.1576608,377.1572087
11.7216,377.1581076,377.1577214,377.1577818,377.1573286
11.73825,377.1582266,377.1578416,377.1579021,377.1574477
11.7549,377.1583449,377.1579612,377.1580216,377.1575661
11.77155,377.1584625,377.1580799,377.1581404,377.1576838
11.7882,377.1585793,377.1581979,377.1582584,377.1578007
11.80485,377.1586953,377.1583151,377.1583756,377.1579168
11.8215,377.1588106,377.1584316,377.158492,377.1580321
11.83815,377.1589251,377.1585472,377.1586077,377.1581467
11.8548,377.1590388,377.158662,377.1587226,377.1582605
11.87145,377.1591517,377.1587761,377.1588366,377.1583735
11.8881,377.1592638,377.1588893,377.1589499,377.1584857
11.90475,377.1593751,377.1590017,377.1590623,377.1585971
11.9214,377.1594856,377.1591133,377.159174,377.1587076
11.93805,377.1595953,377.1592241,377.1592848,377.1588174
11.9547,377.1597042,377.159334,377.1593948,377.1589264
11.97135,377.1598123,377.1594431,377.1595039,377.1590345
11.988,377.1599195,377.1595513,377.1596123,377.1591418
12.00465,377.1600259,377.1596588,377.1597198,377.1592482
12.0213,377.1601315,377.1597653,377.1598264,377.1593539
12.03795,377.1602362,377.1598711,377.1599322,377.1594587
12.0546,377.1603401,377.1599759,377.1600372,377.1595626
12.07125,377.1604432,377.1600799,377.1601413,377.1596657
12.0879,377.1605454,377.1601831,377.1602445,377.159768
12.10455,377.1606468,377.1602854,377.1603469,377.1598694
12.1212,377.1607473,377.1603868,377.1604484,377.1599699
12.13785,377.1608469,377.1604873,377.1605491,377.1600696
12.1545,377.1609457,377.160587,377.1606489,377.1601685
12.17115,377.1610437,377.1606858,377.1607478,377.1602664
12.1878,377.1611407,377.1607838,377.1608459,377.1603635
12.20445,377.1612369,377.1608808,377.1609431,377.1604598
12.2211,377.1613323,377.160977,377.1610394,377.1605552
12.23775,377.1614268,377.1610723,377.1611348,377.1606497
12.2544,377.1615204,377.1611668,377.1612294,377.1607433
12.27105,377.1616131,377.1612603,377.1613231,377.1608361
12.2877,377.161705,377.161353,377.1614159,377.160928
12.30435,377.161796,377.1614448,377.1615078,377.161019
12.321,377.1618861,377.1615357,377.1615989,377.1611092
12.33765,377.1619753,377.1616257,377.1616891,377.1611985
12.3543,377.1620637,377.1617149,377.1617784,377.1612869
12.37095,377.1621512,377.1618031,377.1618668,377.1613745
12.3876,377.1622379,377.1618905,377.1619544,377.1614611
12.40425,377.1623236,377.161977,377.162041,377.1615469
12.4209,377.1624085,377.1620626,377.1621268,377.1616319
12.43755,377.1624925,377.1621474,377.1622117,377.1617159
12.4542,377.1625757,377.1622312,377.1622958,377.1617991
12.47085,377.162658,377.1623142,377.1623789,377.1618814
12.4875,377.1627394,377.1623963,377.1624612,377.1619629
12.50415,377.1628199,377.1624776,377.1625426,377.1620435
12.5208,377.1628996,377.1625579,377.1626232,377.1621232
12.53745,377.1629784,377.1626374,377.1627028,377.162202
12.5541,377.1630563,377.162716,377.1627816,377.16228
12.57075,377.1631334,377.1627937,377.1628596,377.1623572
12.5874,377.1632096,377.1628706,377.1629366,377.1624334
12.60405,377.163285,377.1629466,377.1630128,377.1625088
12.6207,377.1633595,377.1630217,377.1630881,377.1625834
12.63735,377.1634331,377.163096,377.1631626,377.1626571
12.654,377.1635059,377.1631694,377.1632362,377.1627299
12.67065,377.1635779,377.1632419,377.163309,377.1628019
12.6873,377.1636489,377.1633136,377.1633809,377.1628731
12.70395,377.1637192,377.1633845,377.163452,377.1629434
12.7206,377.1637886,377.1634545,377.1635222,377.1630129
12.73725,377.1638571,377.1635236,377.1635915,377.1630815
12.7539,377.1639248,377.1635919,377.1636601,377.1631493
12.77055,377.1639917,377.1636594,377.1637277,377.1632162
12.7872,377.1640578,377.163726,377.1637946,377.1632824
12.80385,377.164123,377.1637918,377.1638606,377.1633477
12.8205,377.1641874,377.1638567,377.1639258,377.1634121
12.83715,377.1642509,377.1639209,377.1639901,377.1634758
12.8538,377.1643137,377.1639842,377.1640537,377.1635386
12.87045,377.1643756,377.1640466,377.1641164,377.1636007
12.8871,377.1644367,377.1641083,377.1641783,377.1636619
12.90375,377.164497,377.1641691,377.1642393,377.1637223
12.9204,377.1645565,377.1642292,377.1642996,377.1637819
12.93705,377.1646152,377.1642884,377.1643591,377.1638407
12.9537,377.1646731,377.1643468,377.1644177,377.1638987
12.97035,377.1647302,377.1644044,377.1644756,377.1639559
12.987,377.1647865,377.1644613,377.1645327,377.1640123
13.00365,377.164842,377.1645173,377.164589,377.164068
13.0203,377.1648967,377.1645725,377.1646445,377.1641228
13.03695,377.1649507,377.164627,377.1646992,377.1641769
13.0536,377.1650039,377.1646807,377.1647531,377.1642303
13.07025,377.1650563,377.1647336,377.1648063,377.1642828
13.0869,377.1651079,377.1647858,377.1648587,377.1643346
13.10355,377.1651588,377.1648371,377.1649103,377.1643856
13.1202,377.1652089,377.1648878,377.1649612,377.1644359
13.13685,377.1652583,377.1649376,377.1650113,377.1644855
13.1535,377.1653069,377.1649867,377.1650607,377.1645342
13.17015,377.1653548,377.1650351,377.1651093,377.1645823
13.1868,377.1654019,377.1650827,377.1651572,377.1646296
13.20345,377.1654483,377.1651296,377.1652043,377.1646762
13.2201,377.165494,377.1651758,377.1652507,377.164722
13.23675,377.1655389,377.1652212,377.1652964,377.1647672
13.2534,377.1655831,377.1652659,377.1653414,377.1648116
13.27005,377.1656266,377.1653099,377.1653856,377.1648553
13.2867,377.1656694,377.1653532,377.1654291,377.1648983
13.30335,377.1657115,377.1653957,377.165472,377.1649406
13.32,377.1657529,377.1654376,377.1655141,377.1649822
13.33665,377.1657936,377.1654788,377.1655555,377.1650231
13.3533,377.1658336,377.1655192,377.1655963,377.1650634
13.36995,377.1658729,377.165559,377.1656363,377.1651029
13.3866,377.1659115,377.1655981,377.1656757,377.1651418
13.40325,377.1659494,377.1656366,377.1657144,377.16518
13.4199,377.1659867,377.1656743,377.1657524,377.1652176
13.43655,377.1660233,377.1657114,377.1657898,377.1652544
13.4532,377.1660593,377.1657479,377.1658265,377.1652907
13.46985,377.1660946,377.1657836,377.1658625,377.1653262
13.4865,377.1661292,377.1658188,377.1658979,377.1653612
13.50315,377.1661632,377.1658533,377.1659326,377.1653955
13.5198,377.1661966,377.1658871,377.1659667,377.1654291
13.53645,377.1662293,377.1659203,377.1660002,377.1654622
13.5531,377.1662614,377.1659529,377.1660331,377.1654946
13.56975,377.1662929,377.1659849,377.1660653,377.1655264
13.5864,377.1663238,377.1660162,377.1660969,377.1655576
13.60305,377.166354,377.1660469,377.1661279,377.1655882
13.6197,377.1663837,377.1660771,377.1661583,377.1656181
13.63635,377.1664127,377.1661066,377.1661881,377.1656475
13.653,377.1664411,377.1661355,377.1662172,377.1656763
13.66965,377.166469,377.1661638,377.1662458,377.1657045
13.6863,377.1664962,377.1661916,377.1662739,377.1657322
13.70295,377.1665229,377.1662188,377.1663013,377.1657592
13.7196,377.166549,377.1662454,377.1663281,377.1657857
13.73625,377.1665746,377.1662714,377.1663544,377.1658116
13.7529,377.1665995,377.1662969,377.1663802,377.165837
13.76955,377.166624,377.1663218,377.1664053,377.1658618
13.7862,377.1666478,377.1663462,377.16643,377.1658861
13.80285,377.1666711,377.16637,377.166454,377.1659098
13.8195,377.1666939,377.1663932,377.1664776,377.165933
13.83615,377.1667161,377.166416,377.1665006,377.1659557
13.8528,377.1667378,377.1664382,377.166523,377.1659778
13.86945,377.166759,377.1664599,377.166545,377.1659995
13.8861,377.1667797,377.1664811,377.1665664,377.1660206
13.90275,377.1667998,377.1665017,377.1665873,377.1660412
13.9194,377.1668195,377.1665219,377.1666077,377.1660613
13.93605,377.1668386,377.1665415,377.1666276,377.1660809
13.9527,377.1668572,377.1665607,377.166647,377.1661
13.96935,377.1668753,377.1665793,377.1666659,377.1661187
13.986,377.166893,377.1665975,377.1666844,377.1661368
14.00265,377.1669102,377.1666152,377.1667023,377.1661545
14.0193,377.1669268,377.1666324,377.1667198,377.1661717
14.03595,377.1669431,377.1666492,377.1667368,377.1661885
14.0526,377.1669588,377.1666655,377.1667533,377.1662048
14.06925,377.1669741,377.1666813,377.1667694,377.1662206
14.0859,377.1669889,377.1666967,377.166785,377.166236
14.10255,377.1670033,377.1667116,377.1668002,377.1662509
14.1192,377.1670173,377.1667261,377.1668149,377.1662654
14.13585,377.1670308,377.1667402,377.1668292,377.1662795
14.1525,377.1670438,377.1667538,377.1668431,377.1662932
14.16915,377.1670565,377.166767,377.1668565,377.1663064
14.1858,377.1670687,377.1667798,377.1668696,377.1663192
14.20245,377.1670805,377.1667922,377.1668822,377.1663316
14.2191,377.1670918,377.1668041,377.1668944,377.1663436
14.23575,377.1671028,377.1668157,377.1669061,377.1663552
14.2524,377.1671134,377.1668268,377.1669175,377.1663664
14.26905,377.1671235,377.1668376,377.1669285,377.1663772
14.2857,377.1671333,377.166848,377.1669391,377.1663877
14.30235,377.1671427,377.1668579,377.1669493,377.1663977
14.319,377.1671517,377.1668675,377.1669592,377.1664074
14.33565,377.1671603,377.1668768,377.1669686,377.1664167
14.3523,377.1671686,377.1668856,377.1669777,377.1664257
14.36895,377.1671765,377.1668941,377.1669864,377.1664343
14.3856,377.167184,377.1669023,377.1669948,377.1664425
14.40225,377.1671912,377.1669101,377.1670028,377.1664504
14.4189,377.167198,377.1669175,377.1670105,377.1664579
14.43555,377.1672045,377.1669246,377.1670178,377.1664651
14.4522,377.1672106,377.1669314,377.1670248,377.166472
14.46885,377.1672164,377.1669378,377.1670314,377.1664785
14.4855,377.1672218,377.1669439,377.1670377,377.1664848
14.50215,377.167227,377.1669497,377.1670437,377.1664907
14.5188,377.1672318,377.1669551,377.1670494,377.1664962
14.53545,377.1672363,377.1669603,377.1670547,377.1665015
14.5521,377.1672404,377.1669651,377.1670597,377.1665065
14.56875,377.1672443,377.1669696,377.1670645,377.1665112
14.5854,377.1672479,377.1669738,377.1670689,377.1665155
14.60205,377.1672511,377.1669778,377.167073,377.1665196
14.6187,377.1672541,377.1669814,377.1670769,377.1665234
14.63535,377.1672567,377.1669848,377.1670804,377.1665269
14.652,377.1672591,377.1669878,377.1670837,377.1665302
14.66865,377.1672612,377.1669906,377.1670867,377.1665331
14.6853,377.1672631,377.1669932,377.1670894,377.1665358
14.70195,377.1672646,377.1669954,377.1670919,377.1665383
14.7186,377.1672659,377.1669974,377.1670941,377.1665404
14.73525,377.1672669,377.1669991,377.167096,377.1665424
14.7519,377.1672677,377.1670006,377.1670977,377.166544
14.76855,377.1672682,377.1670019,377.1670991,377.1665454
14.7852,377.1672685,377.1670028,377.1671003,377.1665466
14.80185,377.1672685,377.1670036,377.1671012,377.1665476
14.8185,377.1672683,377.1670041,377.1671019,377.1665483
14.83515,377.1672678,377.1670044,377.1671023,377.1665488
14.8518,377.1672671,377.1670044,377.1671025,377.166549
14.86845,377.1672662,377.1670042,377.1671025,377.1665491
14.8851,377.167265,377.1670038,377.1671023,377.1665489
14.90175,377.1672636,377.1670032,377.1671019,377.1665485
14.9184,377.167262,377.1670024,377.1671012,377.1665479
14.93505,377.1672602,377.1670013,377.1671004,377.1665471
14.9517,377.1672582,377.1670001,377.1670993,377.1665461
14.96835,377.167256,377.1669987,377.167098,377.1665449
14.985,377.1672536,377.166997,377.1670965,377.1665435
15.00165,377.167251,377.1669952,377.1670949,377.166542
15.0183,377.1672481,377.1669932,377.167093,377.1665402
15.03495,377.1672451,377.166991,377.167091,377.1665383
15.0516,377.1672419,377.1669886,377.1670888,377.1665361
15.06825,377.1672386,377.166986,377.1670863,377.1665338
15.0849,377.167235,377.1669833,377.1670838,377.1665314
15.10155,377.1672313,377.1669804,377.167081,377.1665288
15.1182,377.1672274,377.1669773,377.1670781,377.166526
15.13485,377.1672234,377.1669741,377.167075,377.166523
15.1515,377.1672191,377.1669707,377.1670718,377.1665199
15.16815,377.1672147,377.1669672,377.1670684,377.1665167
15.1848,377.1672102,377.1669635,377.1670648,377.1665133
15.20145,377.1672055,377.1669596,377.1670611,377.1665097
15.2181,377.1672007,377.1669556,377.1670573,377.166506
15.23475,377.1671957,377.1669515,377.1670533,377.1665022
15.2514,377.1671905,377.1669472,377.1670491,377.1664983
15.26805,377.1671853,377.1669428,377.1670449,377.1664942
15.2847,377.1671799,377.1669383,377.1670405,377.16649
15.30135,377.1671743,377.1669336,377.1670359,377.1664856
15.318,377.1671686,377.1669288,377.1670313,377.1664812
15.33465,377.1671628,377.1669239,377.1670265,377.1664766
15.3513,377.1671569,377.1669189,377.1670216,377.1664719
15.36795,377.1671509,377.1669137,377.1670166,377.1664671
15.3846,377.1671447,377.1669085,377.1670115,377.1664622
15.40125,377.1671384,377.1669031,377.1670062,377.1664572
15.4179,377.1671321,377.1668976,377.1670009,377.1664521
15.43455,377.1671256,377.1668921,377.1669954,377.1664468
15.4512,377.167119,377.1668864,377.1669898,377.1664415
15.46785,377.1671123,377.1668806,377.1669842,377.1664361
15.4845,377.1671055,377.1668748,377.1669784,377.1664306
15.50115,377.1670986,377.1668688,377.1669726,377.166425
15.5178,377.1670916,377.1668628,377.1669666,377.1664194
15.53445,377.1670845,377.1668566,377.1669606,377.1664136
15.5511,377.1670773,377.1668504,377.1669545,377.1664078
15.56775,377.1670701,377.1668441,377.1669483,377.1664019
15.5844,377.1670627,377.1668377,377.166942,377.1663959
15.60105,377.1670553,377.1668313,377.1669357,377.1663899
15.6177,377.1670478,377.1668248,377.1669293,377.1663837
15.63435,377.1670402,377.1668182,377.1669228,377.1663776
15.651,377.1670326,377.1668115,377.1669162,377.1663713
15.66765,377.1670249,377.1668048,377.1669096,377.166365
15.6843,377.1670171,377.166798,377.1669029,377.1663586
15.70095,377.1670093,377.1667912,377.1668961,377.1663522
15.7176,377.1670014,377.1667843,377.1668893,377.1663457
15.73425,377.1669934,377.1667773,377.1668824,377.1663392
15.7509,377.1669854,377.1667703,377.1668755,377.1663326
15.76755,377.1669773,377.1667632,377.1668685,377.166326
15.7842,377.1669692,377.1667561,377.1668615,377.1663193
15.80085,377.166961,377.166749,377.1668544,377.1663126
15.8175,377.1669528,377.1667418,377.1668473,377.1663059
15.83415,377.1669445,377.1667345,377.1668401,377.1662991
15.8508,377.1669362,377.1667273,377.1668329,377.1662923
15.86745,377.1669278,377.16672,377.1668257,377.1662854
15.8841,377.1669194,377.1667126,377.1668184,377.1662785
15.90075,377.166911,377.1667052,377.1668111,377.1662716
15.9174,377.1669025,377.1666978,377.1668037,377.1662647
15.93405,377.166894,377.1666904,377.1667964,377.1662577
15.9507,377.1668855,377.1666829,377.1667889,377.1662507
15.96735,377.1668769,377.1666754,377.1667815,377.1662437
15.984,377.1668683,377.1666679,377.1667741,377.1662367
16.00065,377.1668597,377.1666603,377.1667666,377.1662296
16.0173,377.1668511,377.1666528,377.1667591,377.1662225
16.03395,377.1668424,377.1666452,377.1667515,377.1662155
16.0506,377.1668337,377.1666376,377.166744,377.1662084
16.06725,377.166825,377.16663,377.1667364,377.1662013
16.0839,377.1668163,377.1666224,377.1667289,377.1661942
16.10055,377.1668076,377.1666148,377.1667213,377.1661871
16.1172,377.1667988,377.1666071,377.1667137,377.1661799
16.13385,377.16679,377.1665995,377.1667061,377.1661728
16.1505,377.1667813,377.1665918,377.1666985,377.1661657
16.16715,377.1667725,377.1665842,377.1666909,377.1661586
16.1838,377.1667637,377.1665765,377.1666832,377.1661514
16.20045,377.1667549,377.1665689,377.1666756,377.1661443
16.2171,377.1667461,377.1665612,377.166668,377.1661372
16.23375,377.1667373,377.1665536,377.1666604,377.1661301
16.2504,377.1667285,377.1665459,377.1666528,377.166123
16.26705,377.1667198,377.1665383,377.1666451,377.1661159
16.2837,377.166711,377.1665306,377.1666375,377.1661088
16.30035,377.1667022,377.166523,377.1666299,377.1661017
16.317,377.1666934,377.1665154,377.1666223,377.1660947
16.33365,377.1666846,377.1665078,377.1666147,377.1660876
16.3503,377.1666759,377.1665002,377.1666071,377.1660806
16.36695,377.1666671,377.1664926,377.1665996,377.1660736
16.3836,377.1666584,377.166485,377.166592,377.1660666
16.40025,377.1666496,377.1664775,377.1665845,377.1660596
16.4169,377.1666409,377.1664699,377.1665769,377.1660527
16.43355,377.1666322,377.1664624,377.1665694,377.1660457
16.4502,377.1666235,377.1664549,377.1665619,377.1660388
16.46685,377.1666148,377.1664474,377.1665545,377.1660319
16.4835,377.1666062,377.16644,377.166547,377.1660251
16.50015,377.1665975,377.1664325,377.1665396,377.1660182
16.5168,377.1665889,377.1664251,377.1665321,377.1660114
16.53345,377.1665803,377.1664177,377.1665248,377.1660046
16.5501,377.1665717,377.1664104,377.1665174,377.1659979
16.56675,377.1665632,377.166403,377.16651,377.1659912
16.5834,377.1665546,377.1663957,377.1665027,377.1659845
16.60005,377.1665461,377.1663884,377.1664954,377.1659778
16.6167,377.1665376,377.1663812,377.1664882,377.1659712
16.63335,377.1665292,377.166374,377.1664809,377.1659646
16.65,377.1665208,377.1663668,377.1664737,377.1659581
16.66665,377.1665124,377.1663596,377.1664666,377.1659515
16.6833,377.166504,377.1663525,377.1664594,377.1659451
16.69995,377.1664957,377.1663454,377.1664523,377.1659386
16.7166,377.1664873,377.1663383,377.1664452,377.1659322
16.73325,377.1664791,377.1663313,377.1664382,377.1659258
16.7499,377.1664708,377.1663243,377.1664312,377.1659195
16.76655,377.1664626,377.1663174,377.1664242,377.1659132
16.7832,377.1664544,377.1663104,377.1664172,377.165907
16.79985,377.1664463,377.1663036,377.1664103,377.1659007
16.8165,377.1664382,377.1662967,377.1664035,377.1658946
16.83315,377.1664301,377.1662899,377.1663966,377.1658885
16.8498,377.1664221,377.1662832,377.1663898,377.1658824
16.86645,377.1664141,377.1662764,377.1663831,377.1658763
16.8831,377.1664061,377.1662698,377.1663764,377.1658703
16.89975,377.1663982,377.1662631,377.1663697,377.1658644
16.9164,377.1663903,377.1662565,377.166363,377.1658585
16.93305,377.1663825,377.16625,377.1663564,377.1658526
16.9497,377.1663747,377.1662435,377.1663499,377.1658468
16.96635,377.1663669,377.166237,377.1663434,377.1658411
16.983,377.1663592,377.1662306,377.1663369,377.1658354
16.99965,377.1663515,377.1662242,377.1663305,377.1658297
17.0163,377.1663439,377.1662179,377.1663241,377.1658241
17.03295,377.1663363,377.1662116,377.1663178,377.1658185
17.0496,377.1663287,377.1662053,377.1663115,377.165813
17.06625,377.1663212,377.1661991,377.1663052,377.1658075
17.0829,377.1663138,377.166193,377.166299,377.1658021
17.09955,377.1663064,377.1661869,377.1662928,377.1657967
17.1162,377.166299,377.1661808,377.1662867,377.1657914
17.13285,377.1662917,377.1661748,377.1662807,377.1657862
17.1495,377.1662844,377.1661689,377.1662746,377.1657809
17.16615,377.1662771,377.1661629,377.1662687,377.1657758
17.1828,377.1662699,377.1661571,377.1662627,377.1657707
17.19945,377.1662628,377.1661513,377.1662569,377.1657656
17.2161,377.1662557,377.1661455,377.166251,377.1657606
17.23275,377.1662486,377.1661398,377.1662452,377.1657556
17.2494,377.1662416,377.1661341,377.1662395,377.1657507
17.26605,377.1662347,377.1661285,377.1662338,377.1657459
17.2827,377.1662278,377.1661229,377.1662282,377.1657411
17.29935,377.1662209,377.1661174,377.1662226,377.1657364
17.316,377.1662141,377.1661119,377.166217,377.1657317
17.33265,377.1662073,377.1661065,377.1662115,377.165727
17.3493,377.1662006,377.1661012,377.1662061,377.1657225
17.36595,377.1661939,377.1660958,377.1662007,377.1657179
17.3826,377.1661873,377.1660906,377.1661953,377.1657135
17.39925,377.1661808,377.1660854,377.16619,377.1657091
17.4159,377.1661742,377.1660802,377.1661848,377.1657047
17.43255,377.1661678,377.1660751,377.1661796,377.1657004
17.4492,377.1661613,377.16607,377.1661744,377.1656961
17.46585,377.166155,377.166065,377.1661693,377.1656919
17.4825,377.1661486,377.1660601,377.1661643,377.1656878
17.49915,377.1661424,377.1660551,377.1661593,377.1656837
17.5158,377.1661361,377.1660503,377.1661543,377.1656797
17.53245,377.1661299,377.1660455,377.1661494,377.1656757
17.5491,377.1661238,377.1660407,377.1661446,377.1656718
17.56575,377.1661177,377.166036,377.1661398,377.1656679
17.5824,377.1661117,377.1660314,377.166135,377.1656641
17.59905,377.1661057,377.1660268,377.1661303,377.1656603
17.6157,377.1660998,377.1660222,377.1661257,377.1656566
17.63235,377.1660939,377.1660177,377.1661211,377.165653
17.649,377.1660881,377.1660133,377.1661165,377.1656494
17.66565,377.1660823,377.1660089,377.166112,377.1656458
17.6823,377.1660766,377.1660045,377.1661076,377.1656424
17.69895,377.1660709,377.1660002,377.1661031,377.1656389
17.7156,377.1660652,377.165996,377.1660988,377.1656355
17.73225,377.1660597,377.1659918,377.1660945,377.1656322
17.7489,377.1660541,377.1659876,377.1660902,377.1656289
17.76555,377.1660486,377.1659836,377.166086,377.1656257
17.7822,377.1660432,377.1659795,377.1660819,377.1656226
17.79885,377.1660378,377.1659755,377.1660777,377.1656195
17.8155,377.1660325,377.1659716,377.1660737,377.1656164
17.83215,377.1660272,377.1659677,377.1660697,377.1656134
17.8488,377.1660219,377.1659638,377.1660657,377.1656104
17.86545,377.1660167,377.16596,377.1660618,377.1656075
17.8821,377.1660116,377.1659563,377.1660579,377.1656047
17.89875,377.1660065,377.1659526,377.1660541,377.1656019
17.9154,377.1660014,377.1659489,377.1660503,377.1655992
17.93205,377.1659964,377.1659453,377.1660466,377.1655965
17.9487,377.1659915,377.1659418,377.1660429,377.1655938
17.96535,377.1659865,377.1659383,377.1660393,377.1655913
17.982,377.1659817,377.1659348,377.1660357,377.1655887
17.99865,377.1659769,377.1659314,377.1660322,377.1655862
18.0153,377.1659721,377.1659281,377.1660287,377.1655838
18.03195,377.1659674,377.1659248,377.1660252,377.1655814
18.0486,377.1659627,377.1659215,377.1660218,377.1655791
18.06525,377.165958,377.1659183,377.1660185,377.1655768
18.0819,377.1659535,377.1659151,377.1660151,377.1655746
18.09855,377.1659489,377.165912,377.1660119,377.1655724
18.1152,377.1659444,377.1659089,377.1660087,377.1655703
18.13185,377.16594,377.1659059,377.1660055,377.1655682
18.1485,377.1659356,377.1659029,377.1660023,377.1655661
18.16515,377.1659312,377.1658999,377.1659993,377.1655642
18.1818,377.1659269,377.165897,377.1659962,377.1655622
18.19845,377.1659226,377.1658942,377.1659932,377.1655603
18.2151,377.1659184,377.1658914,377.1659903,377.1655585
18.23175,377.1659142,377.1658886,377.1659873,377.1655567
18.2484,377.16591,377.1658859,377.1659845,377.1655549
18.26505,377.1659059,377.1658832,377.1659816,377.1655532
18.2817,377.1659019,377.1658806,377.1659788,377.1655516
18.29835,377.1658979,377.165878,377.1659761,377.16555
18.315,377.1658939,377.1658754,377.1659734,377.1655484
18.33165,377.16589,377.1658729,377.1659707,377.1655469
18.3483,377.1658861,377.1658705,377.1659681,377.1655454
18.36495,377.1658822,377.165868,377.1659655,377.165544
18.3816,377.1658784,377.1658656,377.165963,377.1655426
18.39825,377.1658746,377.1658633,377.1659605,377.1655413
18.4149,377.1658709,377.165861,377.165958,377.16554
18.43155,377.1658672,377.1658587,377.1659556,377.1655387
18.4482,377.1658636,377.1658565,377.1659532,377.1655375
18.46485,377.16586,377.1658543,377.1659509,377.1655363
18.4815,377.1658564,377.1658522,377.1659485,377.1655352
18.49815,377.1658529,377.1658501,377.1659463,377.1655341
18.5148,377.1658494,377.165848,377.165944,377.1655331
18.53145,377.1658459,377.165846,377.1659418,377.1655321
18.5481,377.1658425,377.165844,377.1659397,377.1655311
18.56475,377.1658391,377.165842,377.1659375,377.1655302
18.5814,377.1658358,377.1658401,377.1659355,377.1655293
18.59805,377.1658324,377.1658383,377.1659334,377.1655285
18.6147,377.1658292,377.1658364,377.1659314,377.1655277
18.63135,377.1658259,377.1658346,377.1659294,377.1655269
18.648,377.1658227,377.1658328,377.1659274,377.1655262
18.66465,377.1658196,377.1658311,377.1659255,377.1655255
18.6813,377.1658164,377.1658294,377.1659237,377.1655248
18.69795,377.1658133,377.1658277,377.1659218,377.1655242
18.7146,377.1658103,377.1658261,377.16592,377.1655237
18.73125,377.1658072,377.1658245,377.1659182,377.1655231
18.7479,377.1658042,377.1658229,377.1659165,377.1655226
18.76455,377.1658013,377.1658214,377.1659147,377.1655222
18.7812,377.1657984,377.1658199,377.165913,377.1655217
18.79785,377.1657955,377.1658184,377.1659114,377.1655213
18.8145,377.1657926,377.165817,377.1659098,377.165521
18.83115,377.1657898,377.1658156,377.1659082,377.1655206
18.8478,377.165787,377.1658142,377.1659066,377.1655204
18.86445,377.1657842,377.1658128,377.1659051,377.1655201
18.8811,377.1657814,377.1658115,377.1659036,377.1655199
18.89775,377.1657787,377.1658102,377.1659021,377.1655197
18.9144,377.165776,377.165809,377.1659006,377.1655195
18.93105,377.1657734,377.1658078,377.1658992,377.1655194
18.9477,377.1657708,377.1658066,377.1658978,377.1655193
18.96435,377.1657682,377.1658054,377.1658964,377.1655192
18.981,377.1657656,377.1658043,377.1658951,377.1655192
18.99765,377.1657631,377.1658031,377.1658938,377.1655192
19.0143,377.1657606,377.165802,377.1658925,377.1655192
19.03095,377.1657581,377.165801,377.1658912,377.1655192
19.0476,377.1657556,377.1657999,377.16589,377.1655193
19.06425,377.1657532,377.1657989,377.1658888,377.1655194
19.0809,377.1657508,377.165798,377.1658876,377.1655196
19.09755,377.1657484,377.165797,377.1658864,377.1655197
19.1142,377.165746,377.1657961,377.1658853,377.1655199
19.13085,377.1657437,377.1657952,377.1658842,377.1655202
19.1475,377.1657414,377.1657943,377.1658831,377.1655204
19.16415,377.1657391,377.1657934,377.165882,377.1655207
19.1808,377.1657369,377.1657926,377.165881,377.165521
19.19745,377.1657346,377.1657918,377.1658799,377.1655213
19.2141,377.1657324,377.165791,377.1658789,377.1655217
19.23075,377.1657303,377.1657902,377.165878,377.165522
19.2474,377.1657281,377.1657894,377.165877,377.1655224
19.26405,377.1657259,377.1657887,377.165876,377.1655229
19.2807,377.1657238,377.165788,377.1658751,377.1655233
19.29735,377.1657217,377.1657873,377.1658742,377.1655238
19.314,377.1657197,377.1657866,377.1658733,377.1655243
19.33065,377.1657176,377.165786,377.1658725,377.1655248
19.3473,377.1657156,377.1657854,377.1658716,377.1655253
19.36395,377.1657135,377.1657848,377.1658708,377.1655259
19.3806,377.1657115,377.1657842,377.16587,377.1655265
19.39725,377.1657096,377.1657836,377.1658692,377.1655271
19.4139,377.1657076,377.1657831,377.1658684,377.1655277
19.43055,377.1657057,377.1657825,377.1658677,377.1655283
19.4472,377.1657038,377.165782,377.1658669,377.165529
19.46385,377.1657018,377.1657815,377.1658662,377.1655297
19.4805,377.1657,377.165781,377.1658655,377.1655304
19.49715,377.1656981,377.1657805,377.1658648,377.1655311
19.5138,377.1656962,377.1657801,377.1658641,377.1655318
19.53045,377.1656944,377.1657797,377.1658635,377.1655326
19.5471,377.1656926,377.1657792,377.1658628,377.1655334
19.56375,377.1656908,377.1657788,377.1658622,377.1655342
19.5804,377.165689,377.1657784,377.1658615,377.165535
19.59705,377.1656872,377.1657781,377.1658609,377.1655358
19.6137,377.1656855,377.1657777,377.1658603,377.1655366
19.63035,377.1656837,377.1657773,377.1658597,377.1655375
19.647,377.165682,377.165777,377.1658592,377.1655384
19.66365,377.1656803,377.1657767,377.1658586,377.1655392
19.6803,377.1656786,377.1657764,377.1658581,377.1655401
19.69695,377.1656769,377.1657761,377.1658575,377.1655411
19.7136,377.1656752,377.1657758,377.165857,377.165542
19.73025,377.1656736,377.1657755,377.1658565,377.1655429
19.7469,377.1656719,377.1657752,377.165856,377.1655439
19.76355,377.1656703,377.165775,377.1658555,377.1655448
19.7802,377.1656687,377.1657747,377.165855,377.1655458
19.79685,377.1656671,377.1657745,377.1658545,377.1655468
19.8135,377.1656654,377.1657742,377.1658541,377.1655478
19.83015,377.1656639,377.165774,377.1658536,377.1655488
19.8468,377.1656623,377.1657738,377.1658531,377.1655499
19.86345,377.1656607,377.1657736,377.1658527,377.1655509
19.8801,377.1656591,377.1657734,377.1658523,377.165552
19.89675,377.1656576,377.1657732,377.1658518,377.165553
19.9134,377.1656561,377.1657731,377.1658514,377.1655541
19.93005,377.1656545,377.1657729,377.165851,377.1655552
19.9467,377.165653,377.1657727,377.1658506,377.1655563
19.96335,377.1656515,377.1657726,377.1658502,377.1655574
19.98,377.16565,377.1657724,377.1658498,377.1655585
