Time,V2_rms,V3_rms,V6_rms,V8_rms,V10_rms,V13_rms
0.01665,1.044669118,1.00969273,1.069663447,1.089663695,1.032750101,1.046856942
0.0333,1.044669993,1.009694096,1.069664892,1.089665418,1.032751414,1.046858319
0.04995,1.044670865,1.009695457,1.06966633,1.089667138,1.032752722,1.046859689
0.0666,1.044671735,1.009696812,1.069667762,1.089668852,1.032754023,1.046861054
0.08325,1.044672601,1.009698161,1.069669188,1.089670562,1.032755319,1.046862411
0.0999,1.044673465,1.009699504,1.069670608,1.089672268,1.032756609,1.046863763
0.11655,1.044674326,1.00970084,1.069672021,1.089673969,1.032757892,1.046865108
0.1332,1.044675184,1.009702171,1.069673428,1.089675665,1.032759169,1.046866446
0.14985,1.04467604,1.009703495,1.069674828,1.089677357,1.03276044,1.046867778
0.1665,1.044676892,1.009704814,1.069676222,1.089679043,1.032761705,1.046869103
0.18315,1.044677741,1.009706125,1.069677609,1.089680725,1.032762963,1.046870421
0.1998,1.044678587,1.009707431,1.069678989,1.089682401,1.032764215,1.046871733
0.21645,1.044679431,1.00970873,1.069680362,1.089684073,1.03276546,1.046873038
0.2331,1.044680271,1.009710023,1.069681729,1.089685739,1.032766699,1.046874335
0.24975,1.044681108,1.009711309,1.069683089,1.0896874,1.032767932,1.046875626
0.2664,1.044681941,1.009712588,1.069684442,1.089689056,1.032769158,1.04687691
0.28305,1.044682772,1.009713861,1.069685788,1.089690707,1.032770377,1.046878187
0.2997,1.044683599,1.009715128,1.069687127,1.089692352,1.032771589,1.046879457
0.31635,1.044684424,1.009716387,1.069688459,1.089693991,1.032772795,1.04688072
0.333,1.044685244,1.00971764,1.069689784,1.089695625,1.032773994,1.046881976
0.34965,1.044686062,1.009718886,1.069691102,1.089697254,1.032775186,1.046883224
0.3663,1.044686876,1.009720125,1.069692412,1.089698877,1.032776372,1.046884465
0.38295,1.044687687,1.009721358,1.069693715,1.089700494,1.03277755,1.046885699
0.3996,1.044688494,1.009722583,1.069695011,1.089702105,1.032778721,1.046886925
0.41625,1.044689298,1.009723801,1.0696963,1.089703711,1.032779886,1.046888144
0.4329,1.044690099,1.009725013,1.069697581,1.08970531,1.032781043,1.046889356
0.44955,1.044690896,1.009726217,1.069698854,1.089706904,1.032782193,1.04689056
0.4662,1.044691689,1.009727414,1.06970012,1.089708491,1.032783336,1.046891757
0.48285,1.044692479,1.009728604,1.069701379,1.089710073,1.032784472,1.046892945
0.4995,1.044693265,1.009729786,1.06970263,1.089711648,1.032785601,1.046894127
0.51615,1.044694048,1.009730962,1.069703873,1.089713217,1.032786722,1.0468953
0.5328,1.044694826,1.00973213,1.069705108,1.08971478,1.032787836,1.046896466
0.54945,1.044695602,1.00973329,1.069706336,1.089716336,1.032788943,1.046897624
0.5661,1.044696373,1.009734443,1.069707556,1.089717886,1.032790042,1.046898774
0.58275,1.044697141,1.009735589,1.069708768,1.089719429,1.032791134,1.046899916
0.5994,1.044697904,1.009736727,1.069709972,1.089720966,1.032792218,1.046901051
0.61605,1.044698665,1.009737858,1.069711168,1.089722496,1.032793295,1.046902177
0.6327,1.044699421,1.009738981,1.069712357,1.08972402,1.032794364,1.046903295
0.64935,1.044700173,1.009740096,1.069713537,1.089725537,1.032795426,1.046904406
0.666,1.044700921,1.009741204,1.069714709,1.089727047,1.03279648,1.046905508
0.68265,1.044701666,1.009742304,1.069715872,1.08972855,1.032797526,1.046906602
0.6993,1.044702406,1.009743396,1.069717028,1.089730046,1.032798565,1.046907688
0.71595,1.044703143,1.00974448,1.069718175,1.089731536,1.032799595,1.046908765
0.7326,1.044703875,1.009745557,1.069719315,1.089733018,1.032800618,1.046909835
0.74925,1.044704603,1.009746625,1.069720445,1.089734493,1.032801633,1.046910896
0.7659,1.044705328,1.009747686,1.069721568,1.089735961,1.03280264,1.046911949
0.78255,1.044706048,1.009748739,1.069722682,1.089737422,1.032803639,1.046912993
0.7992,1.044706764,1.009749783,1.069723787,1.089738876,1.03280463,1.046914029
0.81585,1.044707475,1.00975082,1.069724884,1.089740322,1.032805614,1.046915056
0.8325,1.044708183,1.009751848,1.069725973,1.089741761,1.032806589,1.046916075
0.84915,1.044708886,1.009752869,1.069727053,1.089743193,1.032807556,1.046917085
0.8658,1.044709585,1.009753881,1.069728124,1.089744617,1.032808514,1.046918087
0.88245,1.04471028,1.009754884,1.069729187,1.089746033,1.032809465,1.04691908
0.8991,1.04471097,1.00975588,1.069730241,1.089747442,1.032810408,1.046920065
0.91575,1.044711657,1.009756867,1.069731286,1.089748844,1.032811342,1.04692104
0.9324,1.044712338,1.009757846,1.069732322,1.089750237,1.032812268,1.046922008
0.94905,1.044713016,1.009758817,1.06973335,1.089751623,1.032813185,1.046922966
0.9657,1.044713689,1.009759779,1.069734369,1.089753001,1.032814095,1.046923915
0.98235,1.044714357,1.009760733,1.069735379,1.089754371,1.032814996,1.046924856
0.999,1.044715021,1.009761678,1.069736379,1.089755734,1.032815888,1.046925787
1.01565,1.04471568,1.009762615,1.069737371,1.089757088,1.032816772,1.04692671
1.0323,1.044716335,1.009763543,1.069738354,1.089758434,1.032817648,1.046927624
1.04895,1.044716986,1.009764462,1.069739328,1.089759772,1.032818515,1.046928529
1.0656,1.044717631,1.009765373,1.069740293,1.089761102,1.032819373,1.046929425
1.08225,1.044718273,1.009766275,1.069741248,1.089762424,1.032820223,1.046930311
1.0989,1.044718909,1.009767169,1.069742194,1.089763738,1.032821064,1.046931189
1.11555,1.044719541,1.009768053,1.069743132,1.089765043,1.032821897,1.046932057
1.1322,1.044720168,1.009768929,1.06974406,1.08976634,1.032822721,1.046932917
1.14885,1.044720791,1.009769796,1.069744978,1.089767629,1.032823536,1.046933767
1.1655,1.044721408,1.009770655,1.069745888,1.089768909,1.032824343,1.046934608
1.18215,1.044722021,1.009771504,1.069746788,1.089770181,1.032825141,1.046935439
1.1988,1.04472263,1.009772345,1.069747678,1.089771444,1.03282593,1.046936262
1.21545,1.044723233,1.009773176,1.069748559,1.089772699,1.03282671,1.046937075
1.2321,1.044723832,1.009773999,1.069749431,1.089773945,1.032827481,1.046937879
1.24875,1.044724425,1.009774813,1.069750293,1.089775182,1.032828244,1.046938673
1.2654,1.044725014,1.009775617,1.069751146,1.08977641,1.032828997,1.046939458
1.28205,1.044725598,1.009776413,1.069751989,1.08977763,1.032829742,1.046940233
1.2987,1.044726177,1.009777199,1.069752823,1.089778841,1.032830477,1.046940999
1.31535,1.044726751,1.009777976,1.069753647,1.089780043,1.032831204,1.046941756
1.332,1.04472732,1.009778745,1.069754461,1.089781237,1.032831921,1.046942503
1.34865,1.044727884,1.009779504,1.069755266,1.089782421,1.03283263,1.04694324
1.3653,1.044728444,1.009780253,1.069756061,1.089783596,1.032833329,1.046943968
1.38195,1.044728998,1.009780994,1.069756846,1.089784762,1.03283402,1.046944686
1.3986,1.044729547,1.009781725,1.069757622,1.08978592,1.032834701,1.046945395
1.41525,1.044730091,1.009782447,1.069758388,1.089787067,1.032835373,1.046946094
1.4319,1.04473063,1.00978316,1.069759144,1.089788206,1.032836036,1.046946783
1.44855,1.044731163,1.009783863,1.06975989,1.089789336,1.032836689,1.046947463
1.4652,1.044731692,1.009784557,1.069760626,1.089790456,1.032837334,1.046948132
1.48185,1.044732215,1.009785242,1.069761352,1.089791567,1.032837969,1.046948792
1.4985,1.044732734,1.009785917,1.069762069,1.089792669,1.032838595,1.046949443
1.51515,1.044733247,1.009786582,1.069762775,1.089793761,1.032839211,1.046950083
1.5318,1.044733755,1.009787239,1.069763472,1.089794844,1.032839819,1.046950714
1.54845,1.044734257,1.009787885,1.069764158,1.089795917,1.032840417,1.046951335
1.5651,1.044734755,1.009788523,1.069764834,1.089796981,1.032841005,1.046951946
1.58175,1.044735247,1.00978915,1.069765501,1.089798035,1.032841585,1.046952547
1.5984,1.044735733,1.009789768,1.069766157,1.08979908,1.032842154,1.046953138
1.61505,1.044736215,1.009790377,1.069766803,1.089800115,1.032842715,1.046953719
1.6317,1.044736691,1.009790976,1.069767439,1.089801141,1.032843266,1.04695429
1.64835,1.044737162,1.009791565,1.069768065,1.089802156,1.032843807,1.046954851
1.665,1.044737627,1.009792145,1.069768681,1.089803162,1.032844339,1.046955402
1.68165,1.044738087,1.009792714,1.069769286,1.089804158,1.032844862,1.046955944
1.6983,1.044738542,1.009793275,1.069769882,1.089805145,1.032845375,1.046956475
1.71495,1.044738991,1.009793825,1.069770467,1.089806121,1.032845878,1.046956996
1.7316,1.044739435,1.009794366,1.069771042,1.089807088,1.032846372,1.046957507
1.74825,1.044739874,1.009794897,1.069771606,1.089808044,1.032846857,1.046958008
1.7649,1.044740306,1.009795418,1.069772161,1.089808991,1.032847331,1.046958498
1.78155,1.044740734,1.00979593,1.069772704,1.089809927,1.032847796,1.046958979
1.7982,1.044741156,1.009796431,1.069773238,1.089810854,1.032848252,1.04695945
1.81485,1.044741572,1.009796923,1.069773761,1.089811771,1.032848698,1.04695991
1.8315,1.044741983,1.009797405,1.069774274,1.089812677,1.032849134,1.04696036
1.84815,1.044742388,1.009797877,1.069774777,1.089813573,1.032849561,1.0469608
1.8648,1.044742788,1.009798339,1.069775269,1.089814459,1.032849978,1.04696123
1.88145,1.044743182,1.009798792,1.06977575,1.089815335,1.032850385,1.046961649
1.8981,1.044743571,1.009799234,1.069776222,1.089816201,1.032850782,1.046962059
1.91475,1.044743954,1.009799667,1.069776682,1.089817056,1.03285117,1.046962458
1.9314,1.044744331,1.009800089,1.069777133,1.089817901,1.032851548,1.046962846
1.94805,1.044744703,1.009800502,1.069777572,1.089818736,1.032851916,1.046963225
1.9647,1.044745069,1.009800904,1.069778002,1.08981956,1.032852275,1.046963593
1.98135,1.044745429,1.009801297,1.06977842,1.089820374,1.032852624,1.046963951
1.998,0.9961331412,0.9361636675,0.8746572718,0.902176578,0.7893926901,0.7922915694
2.01465,0.988806698,0.9288637679,0.8646506384,0.8949832333,0.7801243772,0.7806143033
2.0313,0.9847352506,0.9245884723,0.8584798705,0.8901764976,0.774619798,0.7742912246
2.04795,0.9817981387,0.9214403777,0.8538457145,0.8864981546,0.7704863176,0.7697370023
2.0646,0.9792908652,0.9187601702,0.8498482641,0.8833354623,0.7669306895,0.7658789433
2.08125,0.9769630918,0.9162862412,0.8461361435,0.8804258501,0.7636436286,0.7623381277
2.0979,1.022616297,0.9844718676,1.036348003,1.059315812,1.000495525,1.011765888
2.11455,1.029476853,0.9919948845,1.046712681,1.068992134,1.011075343,1.023529744
2.1312,1.032009463,0.9947805967,1.050230141,1.072351527,1.014403266,1.027307802
2.14785,1.033251272,0.9961949755,1.052153355,1.074110845,1.016176058,1.029288768
2.1645,1.034044945,0.9971222867,1.053511105,1.075301286,1.017400296,1.030653913
2.18115,1.034697857,0.9978988787,1.054699507,1.076303717,1.018457507,1.031835233
2.1978,1.035324709,0.99865398,1.055865488,1.077261787,1.019492297,1.032990207
2.21445,1.035962671,0.9994298228,1.057048213,1.078219833,1.020546602,1.034161858
2.2311,1.036616512,1.000231324,1.058242082,1.079180381,1.021618814,1.035346227
2.24775,1.037277658,1.001047767,1.059424798,1.080129535,1.022690316,1.036521745
2.2644,1.037932764,1.001862713,1.060570102,1.081048629,1.023737675,1.037662427
2.28105,1.038567726,1.002658669,1.061653481,1.081919575,1.024738234,1.038743781
2.2977,1.039169566,1.00341928,1.06265448,1.082727165,1.025672507,1.039745224
2.31435,1.039727297,1.004130374,1.063557392,1.083459861,1.026525021,1.040650835
2.331,1.040232255,1.004780396,1.064351146,1.084109809,1.027284373,1.041449277
2.34765,1.040678245,1.005360324,1.065028859,1.084672474,1.027942916,1.04213336
2.3643,1.041060727,1.005863687,1.065587057,1.08514586,1.028496121,1.042699337
2.38095,1.04137793,1.006286817,1.066025476,1.085530415,1.02894235,1.043146555
2.3976,1.041629659,1.006628216,1.066346795,1.085828484,1.029282728,1.04347737
2.41425,1.041817432,1.006888453,1.066556079,1.086043886,1.029520532,1.043696483
2.4309,1.04194432,1.00707008,1.066660798,1.086181854,1.029661229,1.043810995
2.44755,1.042014797,1.007177491,1.066670684,1.086248938,1.029712362,1.043830261
2.4642,1.042034604,1.007216791,1.066597601,1.086252991,1.029683466,1.043765779
2.48085,1.042010603,1.007195639,1.066455331,1.08620313,1.029585938,1.043630991
2.4975,1.0419506,1.007123047,1.06625925,1.086109653,1.029432807,1.043440978
2.51415,1.04186313,1.00700913,1.066025884,1.085983855,1.029238407,1.043212032
2.5308,1.041757212,1.006864807,1.06577235,1.085837755,1.029017931,1.04296112
2.54745,1.041642062,1.006701457,1.065515725,1.085683722,1.028786909,1.042705259
2.5641,1.04152679,1.006530545,1.065272379,1.085534026,1.028560617,1.042460855
2.58075,1.041420088,1.006363231,1.065057311,1.08540034,1.028353473,1.042243039
2.5974,1.041329922,1.006209987,1.064883561,1.085293243,1.028178457,1.042065072
2.61405,1.041263251,1.006080234,1.064761714,1.085221759,1.028046597,1.041937831
2.6307,1.041225789,1.005982035,1.064699552,1.085192972,1.027966566,1.041869442
2.64735,1.041221823,1.005921842,1.064701853,1.085211756,1.027944399,1.041865063
2.664,1.041254098,1.005904325,1.064770367,1.085280623,1.027983362,1.041926826
2.68065,1.041323777,1.005932279,1.064903936,1.085399724,1.028083975,1.042053944
2.6973,1.041430474,1.006006624,1.065098766,1.085566975,1.028244158,1.042242957
2.71395,1.041572355,1.006126476,1.065348801,1.0857783,1.028459517,1.042488092
2.7306,1.041746302,1.006289305,1.06564618,1.086027981,1.028723707,1.042781713
2.74725,1.041948121,1.006491133,1.065981738,1.08630905,1.029028867,1.043114805
2.7639,1.042172792,1.006726799,1.066345508,1.086613727,1.029366081,1.043477483
2.78055,1.042414722,1.006990231,1.066727207,1.086933844,1.02972584,1.043859482
2.7972,1.04266801,1.007274741,1.067116677,1.087261243,1.030098475,1.044250592
2.81385,1.042926699,1.007573312,1.067504254,1.087588115,1.030474543,1.044641051
2.8305,1.043185001,1.007878873,1.067881081,1.087907278,1.030845159,1.045021853
2.84715,1.043437497,1.008184543,1.068239332,1.088212385,1.031202258,1.045384997
2.8638,1.0436793,1.008483848,1.068572383,1.088498055,1.031538794,1.045723654
2.88045,1.043906178,1.0087709,1.068874908,1.088759954,1.031848876,1.046032283
2.8971,1.04411465,1.009040546,1.06914293,1.088994816,1.032127853,1.046306687
2.91375,1.044302037,1.009288468,1.069373822,1.089200433,1.032372351,1.046544022
2.9304,1.044466489,1.009511264,1.069566278,1.089375609,1.03258027,1.046742774
2.94705,1.044606981,1.009706485,1.069720242,1.089520107,1.032750752,1.046902697
2.9637,1.044723288,1.009872646,1.069836824,1.089634573,1.032884116,1.047024733
2.98035,1.044815934,1.010009212,1.069918185,1.089720455,1.032981776,1.047110899
2.997,1.044886127,1.01011655,1.069967406,1.089779921,1.033046132,1.047164163
3.01365,1.044935677,1.010195872,1.069988336,1.08981576,1.033080443,1.047188296
3.0303,1.044966905,1.01024914,1.06998543,1.089831276,1.033088683,1.047187708
3.04695,1.044982535,1.010278973,1.069963574,1.089830175,1.033075381,1.047167276
3.0636,1.044985586,1.01028852,1.0699279,1.089816436,1.033045445,1.047132159
3.08025,1.044979255,1.010281339,1.069883604,1.08979418,1.03300399,1.047087612
3.0969,1.044966805,1.010261257,1.069835768,1.089767529,1.032956145,1.047038805
3.11355,1.044951449,1.010232233,1.069789188,1.089740462,1.032906885,1.046990648
3.1302,1.044936242,1.010198223,1.069748223,1.089716682,1.032860858,1.046947632
3.14685,1.044923991,1.010163045,1.069716667,1.089699493,1.032822239,1.046913697
3.1635,1.044917164,1.010130264,1.069697647,1.089691689,1.032794603,1.046892121
3.18015,1.044917824,1.010103083,1.069693552,1.08969548,1.032780828,1.046885442
3.1968,1.044927583,1.010084254,1.069705993,1.089712429,1.032783029,1.046895412
3.21345,1.044947566,1.010076014,1.069735799,1.089743434,1.03280253,1.046922988
3.2301,1.044978403,1.010080037,1.06978304,1.089788734,1.032839864,1.04696835
3.24675,1.04502024,1.010097413,1.069847082,1.08984794,1.032894803,1.047030949
3.2634,1.04507276,1.010128642,1.069926661,1.089920102,1.032966428,1.047109586
3.28005,1.045135232,1.010173664,1.070019983,1.090003783,1.033053208,1.047202502
3.2967,1.045206561,1.010231889,1.070124826,1.09009716,1.033153104,1.047307488
3.31335,1.045285358,1.01030226,1.070238663,1.090198126,1.033263686,1.047422002
3.33,1.045370012,1.010383317,1.070358772,1.090304395,1.033382251,1.047543292
3.34665,1.045458761,1.010473279,1.070482356,1.090413606,1.033505948,1.047668506
3.3633,1.045549774,1.010570126,1.070606648,1.09052342,1.033631887,1.047794811
3.37995,1.045641217,1.010671687,1.070729006,1.090631603,1.033757255,1.047919486
3.3966,1.045731324,1.010775723,1.070846996,1.090736098,1.033879402,1.048040013
3.41325,1.045818451,1.010880012,1.070958464,1.090835082,1.033995928,1.048154149
3.4299,1.045901131,1.010982422,1.071061583,1.090927013,1.034104748,1.04825998
3.44655,1.045978109,1.011080977,1.071154895,1.091010655,1.034204135,1.048355963
3.4632,1.046048372,1.011173915,1.071237329,1.091085096,1.03429276,1.048440951
3.47985,1.046111167,1.011259732,1.07130821,1.091149756,1.034369704,1.048514201
3.4965,1.046166008,1.011337216,1.071367254,1.091204377,1.03443446,1.048575371
3.51315,1.046212677,1.011405467,1.071414546,1.091249011,1.034486927,1.048624502
3.5298,1.046251208,1.011463909,1.071450514,1.091283998,1.034527379,1.048661992
3.54645,1.046281872,1.011512286,1.071475892,1.091309935,1.034556438,1.048688555
3.5631,1.04630515,1.011550651,1.071491671,1.091327639,1.034575023,1.04870518
3.57975,1.046321701,1.011579342,1.071499052,1.091338111,1.034584306,1.048713076
3.5964,1.04633233,1.011598956,1.071499391,1.091342489,1.034585652,1.048713618
3.61305,1.046337948,1.011610308,1.071494142,1.091342001,1.034580565,1.048708292
3.6297,1.046339535,1.011614396,1.071484802,1.091337919,1.034570619,1.048698634
3.64635,1.046338103,1.011612351,1.07147286,1.091331515,1.034557408,1.048686175
3.663,1.046334656,1.01160539,1.071459742,1.091324012,1.034542485,1.048672391
3.67965,1.046330159,1.011594778,1.071446769,1.091316547,1.034527308,1.048658655
3.6963,1.046325504,1.011581772,1.071435119,1.091310135,1.034513201,1.048646195
3.71295,1.046321489,1.011567589,1.071425798,1.091305641,1.034501313,1.048636063
3.7296,1.046318795,1.011553362,1.071419612,1.091303757,1.034492586,1.048629112
3.74625,1.046317969,1.01154011,1.07141716,1.091304993,1.034487744,1.048625977
3.7629,1.046319417,1.011528714,1.071418824,1.091309665,1.034487275,1.048627071
3.77955,1.046323402,1.011519894,1.071424772,1.091317906,1.034491437,1.048632589
3.7962,1.046330043,1.011514196,1.071434971,1.091329669,1.03450026,1.048642512
3.81285,1.046339321,1.011511987,1.071449203,1.091344746,1.034513567,1.048656631
3.8295,1.046351094,1.011513457,1.071467086,1.091362789,1.034530996,1.048674563
3.84615,1.046365111,1.011518622,1.071488101,1.091383333,1.034552024,1.048695785
3.8628,1.046381028,1.011527341,1.071511621,1.091405825,1.034576004,1.048719657
3.87945,1.046398429,1.011539325,1.071536946,1.091429651,1.034602194,1.048745458
3.8961,1.046416846,1.011554166,1.071563328,1.091454165,1.034629793,1.048772422
3.91275,1.046435782,1.011571356,1.071590006,1.091478713,1.034657976,1.048799759
3.9294,1.04645473,1.01159031,1.071616232,1.091502663,1.034685926,1.048826698
3.94605,1.046473192,1.011610397,1.071641298,1.091525419,1.034712862,1.048852502
3.9627,1.046490698,1.011630963,1.071664558,1.091546447,1.034738063,1.048876499
3.97935,1.046506819,1.011651353,1.071685447,1.091565286,1.034760896,1.048898101
3.996,1.046521182,1.011670941,1.071703495,1.091581557,1.034780825,1.048916813
4.01265,1.046533476,1.011689143,1.071718337,1.091594976,1.03479743,1.048932253
4.0293,1.046543463,1.011705437,1.071729718,1.091605353,1.034810408,1.048944149
4.04595,1.046550978,1.011719379,1.071737494,1.091612594,1.034819581,1.048952347
4.0626,1.04655593,1.011730611,1.071741633,1.091616696,1.034824889,1.048956806
4.07925,1.046558303,1.011738869,1.071742202,1.091617743,1.034826389,1.048957591
4.0959,1.046558146,1.011743983,1.071739365,1.091615898,1.03482424,1.048954865
4.11255,1.046555573,1.011745881,1.071733367,1.091611387,1.034818696,1.04894888
4.1292,1.04655075,1.011744581,1.071724522,1.091604493,1.034810085,1.048939953
4.14585,1.046543887,1.011740187,1.071713195,1.091595542,1.034798799,1.048928463
4.1625,1.04653523,1.011732879,1.071699789,1.091584883,1.034785268,1.048914823
4.17915,1.046525047,1.011722903,1.07168473,1.091572881,1.034769952,1.048899471
4.1958,1.046513618,1.011710554,1.071668444,1.091559901,1.034753313,1.048882849
4.21245,1.046501226,1.011696169,1.071651351,1.091546294,1.034735807,1.048865391
4.2291,1.046488148,1.01168011,1.071633846,1.091532386,1.034717865,1.048847505
4.24575,1.046474644,1.011662749,1.07161629,1.091518471,1.034699878,1.048829565
4.2624,1.04646095,1.011644458,1.071598997,1.091504802,1.034682192,1.048811897
4.27905,1.046447274,1.011625596,1.071582231,1.091491582,1.034665092,1.048794775
4.2957,1.04643379,1.011606495,1.071566199,1.091478968,1.034648805,1.048778413
4.31235,1.046420637,1.011587458,1.071551047,1.091467063,1.03463349,1.048762963
4.329,1.046407912,1.011568745,1.071536862,1.091455919,1.034619241,1.048748516
4.34565,1.046395678,1.011550569,1.071523673,1.09144554,1.034606091,1.048735103
4.3623,1.046383958,1.011533096,1.071511456,1.091435888,1.03459401,1.048722699
4.37895,1.046372744,1.011516441,1.071500136,1.091426884,1.034582919,1.048711228
4.3956,1.046361995,1.011500667,1.0714896,1.091418418,1.034572691,1.048700572
4.41225,1.046351645,1.011485789,1.071479699,1.091410357,1.034563164,1.048690577
4.4289,1.046341604,1.01147178,1.071470257,1.091402547,1.034554148,1.048681064
4.44555,1.04633177,1.011458568,1.071461084,1.091394827,1.034545436,1.048671834
4.4622,1.046322027,1.01144605,1.071451981,1.091387031,1.034536812,1.048662683
4.47885,1.046312254,1.011434096,1.071442748,1.091378998,1.034528059,1.048653404
4.4955,1.04630233,1.011422553,1.071433194,1.091370576,1.034518972,1.048643798
4.51215,1.046292139,1.011411257,1.07142314,1.09136163,1.034509359,1.048633683
4.5288,1.046281573,1.011400035,1.07141243,1.09135204,1.034499052,1.048622897
4.54545,1.046270536,1.011388718,1.07140093,1.091341713,1.034487911,1.048611302
4.5621,1.046258945,1.011377139,1.071388536,1.091330576,1.034475824,1.048598789
4.57875,1.046246737,1.011365148,1.071375172,1.091318584,1.034462714,1.048585282
4.5954,1.046233864,1.01135261,1.071360795,1.091305716,1.034448534,1.048570736
4.61205,1.0462203,1.011339409,1.07134539,1.091291977,1.034433275,1.048555135
4.6287,1.046206034,1.011325455,1.071328974,1.091277393,1.034416954,1.048538497
4.64535,1.046191075,1.011310683,1.071311588,1.091262012,1.034399619,1.048520866
4.662,1.046175448,1.011295053,1.071293299,1.091245899,1.034381344,1.048502308
4.67865,1.046159193,1.011278549,1.071274192,1.091229132,1.03436222,1.048482914
4.6953,1.04614236,1.011261183,1.071254369,1.091211801,1.034342358,1.048462786
4.71195,1.046125012,1.011242987,1.071233942,1.091194002,1.034321878,1.048442042
4.7286,1.046107217,1.011224014,1.071213032,1.091175834,1.034300907,1.048420804
4.74525,1.046089049,1.011204334,1.071191759,1.091157396,1.034279573,1.048399197
4.7619,1.046070582,1.01118403,1.071170244,1.091138782,1.034258002,1.048377344
4.77855,1.046051893,1.011163198,1.071148601,1.09112008,1.034236312,1.048355363
4.7952,1.046033052,1.011141935,1.071126934,1.09110137,1.034214613,1.048333359
4.81185,1.046014127,1.011120347,1.071105337,1.091082719,1.034192998,1.048311429
4.8285,1.04599518,1.011098534,1.071083887,1.091064185,1.034171548,1.048289652
4.84515,1.045976263,1.011076596,1.07106265,1.091045809,1.034150327,1.048268094
4.8618,1.045957422,1.011054624,1.071041672,1.091027622,1.034129379,1.048246802
4.87845,1.045938691,1.011032703,1.071020984,1.091009641,1.034108734,1.048225808
4.8951,1.045920096,1.011010904,1.071000602,1.09099187,1.034088405,1.048205126
4.91175,1.045901654,1.010989288,1.070980525,1.090974305,1.034068387,1.048184756
4.9284,1.045883374,1.010967903,1.07096074,1.090956928,1.034048664,1.048164685
4.94505,1.045865254,1.010946783,1.070941222,1.090939717,1.034029208,1.048144885
4.9617,1.045847288,1.010925949,1.070921937,1.090922642,1.034009981,1.048125322
4.97835,1.045829463,1.010905412,1.070902844,1.09090567,1.033990939,1.048105953
4.995,1.045811759,1.010885167,1.070883897,1.090888763,1.033972032,1.048086731
5.01165,1.045794156,1.010865202,1.070865046,1.090871886,1.033953211,1.048067605
5.0283,1.04577663,1.010845496,1.070846243,1.090855004,1.033934424,1.048048526
5.04495,1.045759156,1.01082602,1.07082744,1.090838082,1.033915624,1.048029446
5.0616,1.045741708,1.010806739,1.070808596,1.090821094,1.033896768,1.048010321
5.07825,1.045724265,1.010787616,1.070789671,1.090804014,1.033877818,1.047991112
5.0949,1.045706804,1.010768613,1.070770635,1.090786824,1.033858743,1.047971788
5.11155,1.045689308,1.010749691,1.070751463,1.090769511,1.033839523,1.047952324
5.1282,1.045671762,1.01073081,1.070732139,1.090752069,1.033820141,1.047932705
5.14485,1.045654155,1.010711939,1.070712655,1.090734499,1.033800593,1.047912922
5.1615,1.045636483,1.010693045,1.070693012,1.090716805,1.033780881,1.047892976
5.17815,1.045618742,1.010674103,1.070673217,1.090698999,1.033761014,1.047872876
5.1948,1.045600936,1.010655094,1.070653284,1.090681097,1.033741009,1.047852636
5.21145,1.04558307,1.010636004,1.070633234,1.090663117,1.03372089,1.047832278
5.2281,1.045565154,1.010616825,1.070613093,1.090645083,1.033700682,1.047811827
5.24475,1.045547202,1.010597556,1.070592891,1.090627018,1.033680417,1.047791315
5.2614,1.04552923,1.010578201,1.070572658,1.090608949,1.033660129,1.047770774
5.27805,1.045511253,1.010558771,1.070552429,1.090590901,1.033639849,1.047750237
5.2947,1.045493293,1.01053928,1.070532237,1.0905729,1.033619613,1.04772974
5.31135,1.045475367,1.010519745,1.070512115,1.090554969,1.033599454,1.047709315
5.328,1.045457496,1.01050019,1.070492094,1.090537131,1.0335794,1.047688993
5.34465,1.045439699,1.010480638,1.070472201,1.090519404,1.033559479,1.047668802
5.3613,1.045421993,1.010461115,1.070452462,1.090501806,1.033539715,1.047648769
5.37795,1.045404396,1.010441646,1.070432896,1.090484349,1.033520127,1.047628912
5.3946,1.045386923,1.010422257,1.070413522,1.090467044,1.03350073,1.047609249
5.41125,1.045369586,1.010402974,1.07039435,1.090449897,1.033481535,1.047589793
5.4279,1.045352396,1.010383818,1.070375388,1.090432912,1.033462548,1.047570549
5.44455,1.045335362,1.010364813,1.07035664,1.090416091,1.033443772,1.047551523
5.4612,1.04531849,1.010345975,1.070338107,1.090399432,1.033425205,1.047532713
5.47785,1.045301784,1.01032732,1.070319783,1.090382931,1.033406844,1.047514116
5.4945,1.045285246,1.010308862,1.070301663,1.090366583,1.03338868,1.047495725
5.51115,1.045268877,1.010290608,1.070283739,1.090350382,1.033370706,1.047477532
5.5278,1.045252674,1.010272567,1.070265999,1.090334321,1.033352911,1.047459525
5.54445,1.045236635,1.01025474,1.070248433,1.090318391,1.033335283,1.047441694
5.5611,1.045220758,1.010237129,1.07023103,1.090302587,1.033317813,1.047424027
5.57775,1.045205037,1.010219732,1.070213777,1.0902869,1.033300489,1.047406512
5.5944,1.045189468,1.010202545,1.070196664,1.090271326,1.033283301,1.04738914
5.61105,1.045174046,1.010185563,1.070179682,1.090255859,1.033266242,1.047371899
5.6277,1.045158768,1.010168779,1.070162822,1.090240497,1.033249304,1.047354784
5.64435,1.045143628,1.010152186,1.070146079,1.090225235,1.033232482,1.047337787
5.661,1.045128624,1.010135776,1.070129449,1.090210075,1.033215774,1.047320905
5.67765,1.045113753,1.01011954,1.07011293,1.090195016,1.033199179,1.047304136
5.6943,1.045099012,1.010103471,1.070096521,1.09018006,1.033182697,1.04728748
5.71095,1.045084402,1.010087562,1.070080224,1.090165211,1.033166331,1.047270939
5.7276,1.045069922,1.010071806,1.070064044,1.090150473,1.033150086,1.047254518
5.74425,1.045055573,1.010056199,1.070047985,1.090135851,1.033133968,1.047238221
5.7609,1.045041357,1.010040736,1.070032054,1.090121351,1.033117983,1.047222055
5.77755,1.045027276,1.010025414,1.070016258,1.090106978,1.033102139,1.047206028
5.7942,1.045013333,1.010010231,1.070000607,1.090092738,1.033086444,1.047190149
5.81085,1.044999532,1.009995188,1.069985107,1.090078639,1.033070906,1.047174425
5.8275,1.044985878,1.009980285,1.069969769,1.090064686,1.033055534,1.047158866
5.84415,1.044972373,1.009965523,1.069954599,1.090050885,1.033040335,1.047143479
5.8608,1.044959022,1.009950907,1.069939605,1.090037239,1.033025316,1.047128272
5.87745,1.04494583,1.009936438,1.069924795,1.090023755,1.033010483,1.047113253
5.8941,1.044932801,1.009922122,1.069910174,1.090010434,1.032995841,1.047098425
5.91075,1.044919937,1.009907963,1.069895746,1.089997279,1.032981395,1.047083796
5.9274,1.044907242,1.009893965,1.069881516,1.089984293,1.032967146,1.047069367
5.94405,1.04489472,1.009880134,1.069867486,1.089971475,1.032953098,1.047055141
5.9607,1.044882371,1.009866474,1.069853657,1.089958827,1.03293925,1.04704112
5.97735,1.044870198,1.00985299,1.069840028,1.089946347,1.032925603,1.047027303
5.994,1.044858202,1.009839686,1.0698266,1.089934035,1.032912154,1.047013689
6.01065,1.044846384,1.009826565,1.06981337,1.089921887,1.032898903,1.047000276
6.0273,1.044834743,1.009813631,1.069800335,1.089909904,1.032885845,1.046987062
6.04395,1.044823279,1.009800886,1.069787493,1.089898081,1.032872978,1.046974043
6.0606,1.044811991,1.009788333,1.069774839,1.089886418,1.032860299,1.046961216
6.07725,1.044800879,1.009775971,1.069762371,1.08987491,1.032847804,1.046948577
6.0939,1.044789941,1.009763802,1.069750083,1.089863557,1.03283549,1.046936121
6.11055,1.044779175,1.009751826,1.069737972,1.089852355,1.032823352,1.046923847
6.1272,1.04476858,1.009740042,1.069726036,1.089841303,1.032811389,1.046911748
6.14385,1.044758154,1.009728449,1.06971427,1.089830399,1.032799598,1.046899824
6.1605,1.044747896,1.009717046,1.069702671,1.089819642,1.032787976,1.046888071
6.17715,1.044737803,1.009705831,1.069691239,1.089809031,1.032776522,1.046876486
6.1938,1.044727875,1.009694802,1.06967997,1.089798566,1.032765234,1.046865069
6.21045,1.04471811,1.009683956,1.069668864,1.089788246,1.032754112,1.046853818
6.2271,1.044708508,1.009673292,1.069657921,1.089778071,1.032743155,1.046842733
6.24375,1.044699066,1.009662807,1.06964714,1.089768043,1.032732365,1.046831814
6.2604,1.044689785,1.0096525,1.069636521,1.089758161,1.032721741,1.046821061
6.27705,1.044680664,1.009642366,1.069626066,1.089748426,1.032711284,1.046810475
6.2937,1.044671702,1.009632405,1.069615776,1.089738839,1.032700996,1.046800057
6.31035,1.044662899,1.009622615,1.069605651,1.089729401,1.032690877,1.046789808
6.327,1.044654256,1.009612993,1.069595692,1.089720113,1.032680929,1.04677973
6.34365,1.04464577,1.009603539,1.069585902,1.089710975,1.032671153,1.046769824
6.3603,1.044637444,1.00959425,1.069576281,1.089701988,1.032661549,1.04676009
6.37695,1.044629276,1.009585126,1.069566831,1.089693152,1.032652119,1.04675053
6.3936,1.044621266,1.009576165,1.069557552,1.089684468,1.032642863,1.046741145
6.41025,1.044613415,1.009567366,1.069548444,1.089675935,1.032633782,1.046731935
6.4269,1.04460572,1.009558729,1.069539507,1.089667552,1.032624874,1.0467229
6.44355,1.044598183,1.009550252,1.069530743,1.089659319,1.032616139,1.04671404
6.4602,1.044590803,1.009541935,1.069522148,1.089651236,1.032607577,1.046705354
6.47685,1.044583577,1.009533777,1.069513724,1.0896433,1.032599187,1.04669684
6.4935,1.044576507,1.009525778,1.069505468,1.08963551,1.032590965,1.046688499
6.51015,1.04456959,1.009517937,1.069497378,1.089627864,1.032582912,1.046680326
6.5268,1.044562825,1.009510253,1.069489454,1.089620362,1.032575024,1.046672322
6.54345,1.044556211,1.009502725,1.069481691,1.089612999,1.032567299,1.046664483
6.5601,1.044549746,1.009495353,1.069474089,1.089605776,1.032559736,1.046656807
6.57675,1.044543429,1.009488135,1.069466644,1.089598689,1.03255233,1.046649291
6.5934,1.044537258,1.00948107,1.069459354,1.089591737,1.032545081,1.046641933
6.61005,1.044531232,1.009474158,1.069452216,1.089584918,1.032537985,1.04663473
6.6267,1.044525348,1.009467397,1.069445227,1.089578229,1.032531039,1.04662768
6.64335,1.044519604,1.009460786,1.069438386,1.089571669,1.032524243,1.046620779
6.66,1.044514,1.009454323,1.06943169,1.089565236,1.032517592,1.046614027
6.67665,1.044508534,1.009448007,1.069425136,1.089558928,1.032511086,1.046607419
6.6933,1.044503203,1.009441837,1.069418723,1.089552745,1.032504722,1.046600955
6.70995,1.044498006,1.009435811,1.069412448,1.089546685,1.032498499,1.046594633
6.7266,1.044492942,1.009429927,1.06940631,1.089540746,1.032492415,1.04658845
6.74325,1.044488009,1.009424184,1.069400308,1.089534928,1.03248647,1.046582406
6.7599,1.044483206,1.009418581,1.069394441,1.089529229,1.032480661,1.046576499
6.77655,1.044478531,1.009413114,1.069388706,1.08952365,1.032474987,1.046570728
6.7932,1.044473983,1.009407783,1.069383103,1.089518188,1.032469449,1.046565092
6.80985,1.044469561,1.009402587,1.069377632,1.089512844,1.032464044,1.04655959
6.8265,1.044465263,1.009397522,1.069372291,1.089507615,1.032458772,1.046554221
6.84315,1.044461088,1.009392589,1.06936708,1.089502503,1.032453632,1.046548984
6.8598,1.044457036,1.009387784,1.069361998,1.089497505,1.032448624,1.046543879
6.87645,1.044453104,1.009383107,1.069357043,1.089492622,1.032443746,1.046538905
6.8931,1.044449292,1.009378555,1.069352216,1.089487851,1.032438997,1.046534061
6.90975,1.044445597,1.009374127,1.069347514,1.089483192,1.032434377,1.046529345
6.9264,1.04444202,1.009369822,1.069342938,1.089478644,1.032429884,1.046524757
6.94305,1.044438558,1.009365636,1.069338485,1.089474206,1.032425517,1.046520296
6.9597,1.04443521,1.00936157,1.069334155,1.089469876,1.032421274,1.046515959
6.97635,1.044431974,1.009357621,1.069329946,1.089465652,1.032417153,1.046511746
6.993,1.04442885,1.009353787,1.069325856,1.089461534,1.032413154,1.046507655
7.00965,1.044425834,1.009350067,1.069321884,1.089457519,1.032409274,1.046503684
7.0263,1.044422926,1.009346458,1.069318028,1.089453606,1.032405511,1.046499831
7.04295,1.044420124,1.00934296,1.069314286,1.089449793,1.032401864,1.046496094
7.0596,1.044417426,1.00933957,1.069310655,1.089446079,1.032398329,1.046492471
7.07625,1.04441483,1.009336287,1.069307134,1.089442461,1.032394906,1.04648896
7.0929,1.044412335,1.009333109,1.069303721,1.089438937,1.032391591,1.046485559
7.10955,1.044409939,1.009330034,1.069300413,1.089435506,1.032388383,1.046482266
7.1262,1.044407639,1.009327061,1.069297209,1.089432166,1.032385279,1.046479077
7.14285,1.044405434,1.009324187,1.069294106,1.089428916,1.032382278,1.046475992
7.1595,1.044403322,1.009321411,1.069291101,1.089425752,1.032379377,1.046473009
7.17615,1.044401302,1.009318732,1.069288194,1.089422675,1.032376574,1.046470124
7.1928,1.044399372,1.009316147,1.069285381,1.089419681,1.032373868,1.046467336
7.20945,1.04439753,1.009313655,1.069282662,1.089416771,1.032371256,1.046464643
7.2261,1.044395774,1.009311254,1.069280035,1.089413941,1.032368737,1.046462044
7.24275,1.044394103,1.009308943,1.069277496,1.089411191,1.032366309,1.046459536
7.2594,1.044392515,1.00930672,1.069275046,1.089408519,1.032363971,1.046457118
7.27605,1.044391009,1.009304584,1.069272683,1.089405924,1.03236172,1.046454788
7.2927,1.044389583,1.009302533,1.069270404,1.089403405,1.032359556,1.046452546
7.30935,1.044388236,1.009300565,1.069268209,1.08940096,1.032357477,1.046450388
7.326,1.044386966,1.009298679,1.069266096,1.089398589,1.032355482,1.046448315
7.34265,1.044385773,1.009296874,1.069264065,1.089396291,1.032353569,1.046446325
7.3593,1.044384654,1.009295147,1.069262113,1.089394063,1.032351738,1.046444416
7.37595,1.044383608,1.009293498,1.069260239,1.089391906,1.032349987,1.046442588
7.3926,1.044382634,1.009291925,1.069258444,1.089389817,1.032348314,1.046440838
7.40925,1.044381731,1.009290427,1.069256724,1.089387797,1.032346718,1.046439167
7.4259,1.044380897,1.009289002,1.069255079,1.089385843,1.032345199,1.046437572
7.44255,1.044380132,1.009287648,1.069253507,1.089383955,1.032343755,1.046436052
7.4592,1.044379432,1.009286365,1.069252009,1.08938213,1.032342384,1.046434606
7.47585,1.044378798,1.009285151,1.069250581,1.089380369,1.032341085,1.046433232
7.4925,1.044378227,1.009284003,1.069249222,1.08937867,1.032339857,1.04643193
7.50915,1.044377719,1.009282922,1.069247932,1.089377032,1.032338699,1.046430697
7.5258,1.044377272,1.009281905,1.069246709,1.089375452,1.032337607,1.046429533
7.54245,1.044376884,1.009280951,1.069245551,1.089373931,1.032336583,1.046428435
7.5591,1.044376555,1.009280058,1.069244457,1.089372466,1.032335622,1.046427403
7.57575,1.044376281,1.009279224,1.069243425,1.089371056,1.032334725,1.046426434
7.5924,1.044376063,1.00927845,1.069242454,1.0893697,1.032333889,1.046425526
7.60905,1.044375899,1.009277732,1.069241541,1.089368396,1.032333114,1.04642468
7.6257,1.044375786,1.009277069,1.069240687,1.089367143,1.032332396,1.046423892
7.64235,1.044375725,1.009276461,1.069239888,1.089365939,1.032331735,1.046423161
7.659,1.044375713,1.009275905,1.069239144,1.089364784,1.032331129,1.046422486
7.67565,1.044375748,1.009275399,1.069238452,1.089363676,1.032330577,1.046421865
7.6923,1.04437583,1.009274944,1.069237812,1.089362614,1.032330076,1.046421296
7.70895,1.044375957,1.009274537,1.069237222,1.089361596,1.032329626,1.046420778
7.7256,1.044376128,1.009274177,1.06923668,1.089360621,1.032329225,1.04642031
7.74225,1.044376342,1.009273862,1.069236186,1.089359688,1.032328872,1.04641989
7.7589,1.044376596,1.009273592,1.069235737,1.089358795,1.032328565,1.046419516
7.77555,1.044376891,1.009273364,1.069235332,1.089357943,1.032328303,1.046419188
7.7922,1.044377224,1.009273179,1.069234971,1.089357129,1.032328085,1.046418904
7.80885,1.044377595,1.009273034,1.069234651,1.089356352,1.03232791,1.046418663
7.8255,1.044378002,1.009272928,1.069234373,1.089355613,1.032327776,1.046418464
7.84215,1.044378444,1.009272861,1.069234134,1.089354908,1.032327682,1.046418305
7.8588,1.044378921,1.009272831,1.069233934,1.089354239,1.032327627,1.046418186
7.87545,1.044379431,1.009272836,1.069233771,1.089353603,1.03232761,1.046418105
7.8921,1.044379972,1.009272877,1.069233645,1.089352999,1.032327631,1.046418061
7.90875,1.044380545,1.009272952,1.069233555,1.089352428,1.032327687,1.046418054
7.9254,1.044381148,1.009273059,1.069233499,1.089351888,1.032327779,1.046418083
7.94205,1.04438178,1.009273199,1.069233477,1.089351378,1.032327904,1.046418145
7.9587,1.044382439,1.009273369,1.069233488,1.089350897,1.032328063,1.046418242
7.97535,1.044383126,1.009273569,1.06923353,1.089350445,1.032328253,1.04641837
7.992,1.044383838,1.009273797,1.069233603,1.08935002,1.032328475,1.04641853
8.00865,1.044384576,1.009274054,1.069233706,1.089349622,1.032328727,1.046418721
8.0253,1.044385338,1.009274337,1.069233838,1.08934925,1.032329008,1.046418941
8.04195,1.044386122,1.009274647,1.069233997,1.089348903,1.032329317,1.046419189
8.0586,1.044386929,1.009274981,1.069234184,1.089348579,1.032329653,1.046419465
8.07525,1.044387757,1.009275339,1.069234396,1.08934828,1.032330015,1.046419767
8.0919,1.044388605,1.00927572,1.069234634,1.089348002,1.032330402,1.046420095
8.10855,1.044389473,1.009276123,1.069234896,1.089347746,1.032330814,1.046420448
8.1252,1.044390358,1.009276548,1.06923518,1.089347511,1.032331248,1.046420824
8.14185,1.044391261,1.009276992,1.069235487,1.089347295,1.032331705,1.046421223
8.1585,1.044392181,1.009277456,1.069235815,1.089347099,1.032332183,1.046421643
8.17515,1.044393116,1.009277938,1.069236163,1.08934692,1.032332681,1.046422084
8.1918,1.044394066,1.009278438,1.069236531,1.089346759,1.032333198,1.046422544
8.20845,1.044395029,1.009278954,1.069236916,1.089346615,1.032333734,1.046423023
8.2251,1.044396006,1.009279486,1.06923732,1.089346486,1.032334287,1.04642352
8.24175,1.044396994,1.009280033,1.069237739,1.089346373,1.032334857,1.046424034
8.2584,1.044397994,1.009280595,1.069238175,1.089346273,1.032335442,1.046424564
8.27505,1.044399005,1.009281169,1.069238626,1.089346187,1.032336043,1.04642511
8.2917,1.044400025,1.009281756,1.06923909,1.089346114,1.032336657,1.046425669
8.30835,1.044401054,1.009282355,1.069239568,1.089346054,1.032337284,1.046426243
8.325,1.044402091,1.009282965,1.069240059,1.089346005,1.032337924,1.046426829
8.34165,1.044403136,1.009283585,1.069240562,1.089345967,1.032338576,1.046427427
8.3583,1.044404188,1.009284215,1.069241076,1.089345939,1.032339239,1.046428037
8.37495,1.044405246,1.009284854,1.069241601,1.089345921,1.032339913,1.046428658
8.3916,1.04440631,1.009285502,1.069242135,1.089345912,1.032340596,1.046429289
8.40825,1.044407378,1.009286157,1.069242679,1.089345912,1.032341288,1.046429929
8.4249,1.044408451,1.009286819,1.069243232,1.08934592,1.032341989,1.046430578
8.44155,1.044409527,1.009287488,1.069243793,1.089345936,1.032342697,1.046431236
8.4582,1.044410607,1.009288163,1.069244361,1.089345959,1.032343413,1.046431901
8.47485,1.044411689,1.009288843,1.069244937,1.089345988,1.032344136,1.046432574
8.4915,1.044412773,1.009289528,1.069245519,1.089346024,1.032344865,1.046433253
8.50815,1.044413858,1.009290218,1.069246108,1.089346066,1.0323456,1.046433938
8.5248,1.044414945,1.009290911,1.069246701,1.089346113,1.03234634,1.046434629
8.54145,1.044416032,1.009291608,1.0692473,1.089346164,1.032347084,1.046435325
8.5581,1.044417118,1.009292308,1.069247904,1.08934622,1.032347833,1.046436025
8.57475,1.044418205,1.00929301,1.069248511,1.089346281,1.032348585,1.04643673
8.5914,1.04441929,1.009293714,1.069249122,1.089346344,1.032349341,1.046437438
8.60805,1.044420373,1.00929442,1.069249736,1.089346411,1.032350099,1.046438149
8.6247,1.044421455,1.009295126,1.069250353,1.089346481,1.032350859,1.046438863
8.64135,1.044422534,1.009295834,1.069250972,1.089346553,1.032351621,1.046439579
8.658,1.04442361,1.009296541,1.069251593,1.089346626,1.032352385,1.046440296
8.67465,1.044424683,1.009297248,1.069252215,1.089346702,1.032353149,1.046441015
8.6913,1.044425752,1.009297955,1.069252838,1.089346778,1.032353913,1.046441734
8.70795,1.044426817,1.00929866,1.069253461,1.089346856,1.032354677,1.046442454
8.7246,1.044427877,1.009299364,1.069254084,1.089346933,1.032355441,1.046443174
8.74125,1.044428932,1.009300067,1.069254707,1.089347011,1.032356204,1.046443893
8.7579,1.044429982,1.009300767,1.069255329,1.089347089,1.032356965,1.046444612
8.77455,1.044431026,1.009301464,1.06925595,1.089347166,1.032357725,1.046445329
8.7912,1.044432064,1.009302159,1.06925657,1.089347242,1.032358483,1.046446044
8.80785,1.044433095,1.009302851,1.069257188,1.089347317,1.032359238,1.046446757
8.8245,1.04443412,1.009303539,1.069257803,1.089347391,1.03235999,1.046447468
8.84115,1.044435137,1.009304223,1.069258416,1.089347463,1.03236074,1.046448177
8.8578,1.044436148,1.009304903,1.069259027,1.089347533,1.032361486,1.046448882
8.87445,1.04443715,1.009305579,1.069259634,1.089347601,1.032362228,1.046449584
8.8911,1.044438144,1.00930625,1.069260238,1.089347666,1.032362966,1.046450283
8.90775,1.044439131,1.009306916,1.069260838,1.089347729,1.0323637,1.046450978
8.9244,1.044440109,1.009307577,1.069261435,1.089347789,1.032364429,1.046451669
8.94105,1.044441078,1.009308233,1.069262027,1.089347846,1.032365154,1.046452355
8.9577,1.044442038,1.009308883,1.069262616,1.0893479,1.032365874,1.046453037
8.97435,1.044442989,1.009309528,1.0692632,1.08934795,1.032366588,1.046453714
8.991,1.04444393,1.009310167,1.069263779,1.089347997,1.032367297,1.046454387
9.00765,1.044444862,1.009310799,1.069264353,1.08934804,1.032368001,1.046455054
9.0243,1.044445785,1.009311426,1.069264923,1.089348079,1.032368699,1.046455716
9.04095,1.044446697,1.009312046,1.069265487,1.089348114,1.032369391,1.046456373
9.0576,1.0444476,1.009312659,1.069266047,1.089348146,1.032370077,1.046457024
9.07425,1.044448492,1.009313266,1.0692666,1.089348173,1.032370757,1.046457669
9.0909,1.044449374,1.009313866,1.069267148,1.089348195,1.03237143,1.046458309
9.10755,1.044450245,1.00931446,1.069267691,1.089348213,1.032372097,1.046458942
9.1242,1.044451106,1.009315046,1.069268228,1.089348227,1.032372757,1.046459569
9.14085,1.044451956,1.009315625,1.069268758,1.089348236,1.032373411,1.04646019
9.1575,1.044452795,1.009316197,1.069269283,1.08934824,1.032374057,1.046460805
9.17415,1.044453623,1.009316762,1.069269802,1.08934824,1.032374697,1.046461413
9.1908,1.04445444,1.009317319,1.069270314,1.089348235,1.03237533,1.046462015
9.20745,1.044455246,1.009317869,1.06927082,1.089348224,1.032375955,1.04646261
9.2241,1.04445604,1.009318411,1.06927132,1.089348209,1.032376573,1.046463198
9.24075,1.044456823,1.009318946,1.069271813,1.089348189,1.032377184,1.046463779
9.2574,1.044457595,1.009319473,1.0692723,1.089348163,1.032377788,1.046464354
9.27405,1.044458355,1.009319993,1.06927278,1.089348132,1.032378383,1.046464921
9.2907,1.044459104,1.009320505,1.069273253,1.089348096,1.032378972,1.046465481
9.30735,1.044459841,1.009321009,1.06927372,1.089348055,1.032379553,1.046466035
9.324,1.044460567,1.009321506,1.06927418,1.089348009,1.032380126,1.046466581
9.34065,1.044461281,1.009321994,1.069274633,1.089347957,1.032380691,1.04646712
9.3573,1.044461983,1.009322475,1.06927508,1.0893479,1.032381249,1.046467651
9.37395,1.044462673,1.009322949,1.069275519,1.089347838,1.032381799,1.046468176
9.3906,1.044463352,1.009323414,1.069275952,1.08934777,1.032382341,1.046468693
9.40725,1.044464019,1.009323872,1.069276378,1.089347698,1.032382875,1.046469203
9.4239,1.044464674,1.009324321,1.069276797,1.089347619,1.032383402,1.046469706
9.44055,1.044465318,1.009324764,1.06927721,1.089347536,1.032383921,1.046470201
9.4572,1.04446595,1.009325198,1.069277616,1.089347448,1.032384432,1.04647069
9.47385,1.04446657,1.009325625,1.069278014,1.089347354,1.032384936,1.046471171
9.4905,1.044467178,1.009326044,1.069278407,1.089347255,1.032385431,1.046471645
9.50715,1.044467775,1.009326456,1.069278792,1.089347151,1.03238592,1.046472112
9.5238,1.04446836,1.00932686,1.069279171,1.089347042,1.0323864,1.046472571
9.54045,1.044468934,1.009327256,1.069279543,1.089346928,1.032386873,1.046473024
9.5571,1.044469496,1.009327646,1.069279909,1.089346809,1.032387338,1.04647347
9.57375,1.044470046,1.009328028,1.069280268,1.089346685,1.032387796,1.046473909
9.5904,1.044470585,1.009328402,1.069280621,1.089346556,1.032388247,1.046474341
9.60705,1.044471113,1.00932877,1.069280968,1.089346423,1.03238869,1.046474766
9.6237,1.04447163,1.00932913,1.069281308,1.089346285,1.032389126,1.046475184
9.64035,1.044472135,1.009329484,1.069281642,1.089346142,1.032389555,1.046475596
9.657,1.044472629,1.00932983,1.06928197,1.089345995,1.032389977,1.046476001
9.67365,1.044473112,1.00933017,1.069282292,1.089345844,1.032390392,1.0464764
9.6903,1.044473585,1.009330503,1.069282608,1.089345688,1.032390799,1.046476792
9.70695,1.044474046,1.009330829,1.069282918,1.089345528,1.0323912,1.046477178
9.7236,1.044474497,1.009331149,1.069283223,1.089345364,1.032391594,1.046477558
9.74025,1.044474936,1.009331463,1.069283522,1.089345196,1.032391982,1.046477932
9.7569,1.044475366,1.00933177,1.069283815,1.089345023,1.032392363,1.046478299
9.77355,1.044475784,1.009332071,1.069284103,1.089344847,1.032392737,1.046478661
9.7902,1.044476193,1.009332366,1.069284386,1.089344668,1.032393105,1.046479017
9.80685,1.044476591,1.009332656,1.069284663,1.089344484,1.032393467,1.046479367
9.8235,1.044476979,1.009332939,1.069284935,1.089344298,1.032393822,1.046479712
9.84015,1.044477357,1.009333217,1.069285202,1.089344107,1.032394172,1.046480051
9.8568,1.044477725,1.009333489,1.069285465,1.089343914,1.032394516,1.046480385
9.87345,1.044478083,1.009333755,1.069285722,1.089343717,1.032394853,1.046480713
9.8901,1.044478431,1.009334017,1.069285975,1.089343517,1.032395186,1.046481037
9.90675,1.04447877,1.009334273,1.069286224,1.089343315,1.032395512,1.046481355
9.9234,1.0444791,1.009334524,1.069286468,1.089343109,1.032395833,1.046481669
9.94005,1.04447942,1.00933477,1.069286708,1.089342901,1.032396149,1.046481977
9.9567,1.04447973,1.009335012,1.069286943,1.08934269,1.03239646,1.046482282
9.97335,1.044480032,1.009335249,1.069287175,1.089342477,1.032396766,1.046482581
9.99,1.044480325,1.009335482,1.069287403,1.089342262,1.032397066,1.046482876
10.00665,1.044480609,1.00933571,1.069287627,1.089342044,1.032397362,1.046483168
10.0233,1.044480885,1.009335934,1.069287847,1.089341825,1.032397654,1.046483455
10.03995,1.044481152,1.009336154,1.069288065,1.089341604,1.03239794,1.046483738
10.0566,1.04448141,1.00933637,1.069288278,1.08934138,1.032398223,1.046484017
10.07325,1.044481661,1.009336583,1.069288489,1.089341156,1.032398501,1.046484293
10.0899,1.044481903,1.009336792,1.069288697,1.08934093,1.032398775,1.046484565
10.10655,1.044482138,1.009336997,1.069288902,1.089340702,1.032399046,1.046484834
10.1232,1.044482365,1.0093372,1.069289104,1.089340474,1.032399312,1.046485099
10.13985,1.044482584,1.009337399,1.069289304,1.089340244,1.032399575,1.046485362
10.1565,1.044482796,1.009337595,1.069289501,1.089340013,1.032399835,1.046485622
10.17315,1.044483,1.009337789,1.069289696,1.089339782,1.032400091,1.046485879
10.1898,1.044483197,1.00933798,1.069289889,1.08933955,1.032400344,1.046486133
10.20645,1.044483388,1.009338168,1.06929008,1.089339318,1.032400594,1.046486385
10.2231,1.044483571,1.009338355,1.069290269,1.089339086,1.032400842,1.046486635
10.23975,1.044483748,1.009338539,1.069290457,1.089338853,1.032401086,1.046486883
10.2564,1.044483918,1.009338721,1.069290643,1.089338621,1.032401328,1.046487128
10.27305,1.044484082,1.009338901,1.069290828,1.089338388,1.032401568,1.046487372
10.2897,1.04448424,1.00933908,1.069291012,1.089338156,1.032401806,1.046487615
10.30635,1.044484392,1.009339258,1.069291194,1.089337925,1.032402041,1.046487855
10.323,1.044484538,1.009339434,1.069291376,1.089337694,1.032402275,1.046488095
10.33965,1.044484678,1.009339608,1.069291557,1.089337463,1.032402506,1.046488333
10.3563,1.044484813,1.009339782,1.069291738,1.089337234,1.032402736,1.04648857
10.37295,1.044484942,1.009339955,1.069291918,1.089337006,1.032402965,1.046488806
10.3896,1.044485066,1.009340128,1.069292098,1.089336779,1.032403193,1.046489042
10.40625,1.044485185,1.0093403,1.069292278,1.089336553,1.032403419,1.046489277
10.4229,1.044485299,1.009340471,1.069292458,1.089336329,1.032403644,1.046489512
10.43955,1.044485409,1.009340643,1.069292638,1.089336107,1.032403869,1.046489746
10.4562,1.044485513,1.009340814,1.069292819,1.089335886,1.032404093,1.04648998
10.47285,1.044485614,1.009340985,1.069293,1.089335667,1.032404316,1.046490215
10.4895,1.04448571,1.009341157,1.069293182,1.089335451,1.032404539,1.046490449
10.50615,1.044485802,1.009341329,1.069293365,1.089335236,1.032404762,1.046490684
10.5228,1.04448589,1.009341502,1.069293549,1.089335024,1.032404985,1.04649092
10.53945,1.044485974,1.009341676,1.069293734,1.089334815,1.032405208,1.046491156
10.5561,1.044486055,1.00934185,1.06929392,1.089334608,1.032405431,1.046491393
10.57275,1.044486132,1.009342026,1.069294108,1.089334404,1.032405654,1.04649163
10.5894,1.044486206,1.009342203,1.069294297,1.089334204,1.032405878,1.046491869
10.60605,1.044486277,1.009342381,1.069294488,1.089334006,1.032406103,1.04649211
10.6227,1.044486345,1.009342561,1.069294681,1.089333811,1.032406329,1.046492351
10.63935,1.04448641,1.009342742,1.069294876,1.08933362,1.032406556,1.046492595
10.656,1.044486472,1.009342926,1.069295073,1.089333433,1.032406783,1.04649284
10.67265,1.044486532,1.009343111,1.069295272,1.089333249,1.032407013,1.046493086
10.6893,1.04448659,1.009343298,1.069295474,1.089333069,1.032407243,1.046493335
10.70595,1.044486645,1.009343488,1.069295679,1.089332893,1.032407475,1.046493586
10.7226,1.044486698,1.00934368,1.069295886,1.089332721,1.032407709,1.046493839
10.73925,1.044486749,1.009343875,1.069296097,1.089332553,1.032407945,1.046494095
10.7559,1.044486799,1.009344072,1.06929631,1.08933239,1.032408183,1.046494353
10.77255,1.044486847,1.009344272,1.069296526,1.089332231,1.032408423,1.046494614
10.7892,1.044486893,1.009344475,1.069296746,1.089332076,1.032408665,1.046494878
10.80585,1.044486938,1.009344682,1.069296969,1.089331927,1.03240891,1.046495145
10.8225,1.044486982,1.009344891,1.069297196,1.089331782,1.032409157,1.046495415
10.83915,1.044487025,1.009345104,1.069297427,1.089331643,1.032409407,1.046495688
10.8558,1.044487067,1.009345321,1.069297661,1.089331508,1.03240966,1.046495964
10.87245,1.044487109,1.009345541,1.069297899,1.089331379,1.032409916,1.046496244
10.8891,1.044487149,1.009345765,1.069298142,1.089331255,1.032410174,1.046496528
10.90575,1.04448719,1.009345992,1.069298389,1.089331137,1.032410436,1.046496815
10.9224,1.04448723,1.009346224,1.06929864,1.089331025,1.032410702,1.046497107
10.93905,1.044487269,1.00934646,1.069298895,1.089330918,1.032410971,1.046497402
10.9557,1.044487309,1.009346701,1.069299155,1.089330817,1.032411243,1.046497702
10.97235,1.044487349,1.009346946,1.06929942,1.089330722,1.032411519,1.046498005
10.989,1.044487389,1.009347195,1.06929969,1.089330633,1.032411799,1.046498313
11.00565,1.044487429,1.009347449,1.069299964,1.08933055,1.032412083,1.046498626
11.0223,1.04448747,1.009347708,1.069300244,1.089330474,1.032412372,1.046498943
11.03895,1.044487512,1.009347971,1.069300529,1.089330404,1.032412664,1.046499265
11.0556,1.044487554,1.00934824,1.069300819,1.089330341,1.03241296,1.046499592
11.07225,1.044487597,1.009348514,1.069301114,1.089330284,1.032413261,1.046499923
11.0889,1.044487641,1.009348793,1.069301415,1.089330234,1.032413567,1.04650026
11.10555,1.044487686,1.009349077,1.069301722,1.089330191,1.032413877,1.046500602
11.1222,1.044487733,1.009349367,1.069302034,1.089330155,1.032414192,1.046500949
11.13885,1.04448778,1.009349662,1.069302352,1.089330126,1.032414511,1.046501301
11.1555,1.044487829,1.009349963,1.069302676,1.089330104,1.032414836,1.046501659
11.17215,1.04448788,1.00935027,1.069303006,1.08933009,1.032415166,1.046502023
11.1888,1.044487933,1.009350582,1.069303342,1.089330083,1.032415501,1.046502392
11.20545,1.044487987,1.009350901,1.069303685,1.089330083,1.032415841,1.046502767
11.2221,1.044488043,1.009351225,1.069304033,1.089330091,1.032416186,1.046503147
11.23875,1.044488101,1.009351556,1.069304388,1.089330107,1.032416537,1.046503534
11.2554,1.044488162,1.009351893,1.06930475,1.08933013,1.032416894,1.046503927
11.27205,1.044488224,1.009352236,1.069305118,1.089330161,1.032417256,1.046504326
11.2887,1.044488289,1.009352586,1.069305493,1.0893302,1.032417623,1.046504731
11.30535,1.044488357,1.009352942,1.069305874,1.089330247,1.032417997,1.046505142
11.322,1.044488427,1.009353305,1.069306262,1.089330302,1.032418376,1.04650556
11.33865,1.044488499,1.009353674,1.069306658,1.089330365,1.032418762,1.046505984
11.3553,1.044488575,1.00935405,1.06930706,1.089330437,1.032419153,1.046506415
11.37195,1.044488653,1.009354433,1.069307469,1.089330517,1.032419551,1.046506852
11.3886,1.044488734,1.009354822,1.069307885,1.089330605,1.032419954,1.046507296
11.40525,1.044488818,1.009355219,1.069308309,1.089330702,1.032420364,1.046507747
11.4219,1.044488905,1.009355623,1.06930874,1.089330807,1.032420781,1.046508205
11.43855,1.044488996,1.009356034,1.069309178,1.089330921,1.032421204,1.04650867
11.4552,1.04448909,1.009356452,1.069309624,1.089331043,1.032421633,1.046509141
11.47185,1.044489187,1.009356877,1.069310077,1.089331174,1.032422069,1.04650962
11.4885,1.044489287,1.009357309,1.069310537,1.089331314,1.032422511,1.046510105
11.50515,1.044489392,1.009357749,1.069311005,1.089331463,1.03242296,1.046510598
11.5218,1.044489499,1.009358196,1.069311481,1.089331621,1.032423416,1.046511098
11.53845,1.044489611,1.009358651,1.069311965,1.089331788,1.032423879,1.046511606
11.5551,1.044489726,1.009359113,1.069312456,1.089331964,1.032424349,1.04651212
11.57175,1.044489845,1.009359583,1.069312955,1.089332149,1.032424825,1.046512643
11.5884,1.044489968,1.009360061,1.069313462,1.089332343,1.032425309,1.046513172
11.60505,1.044490096,1.009360546,1.069313977,1.089332546,1.0324258,1.046513709
11.6217,1.044490227,1.009361039,1.0693145,1.089332759,1.032426297,1.046514254
11.63835,1.044490362,1.00936154,1.069315031,1.089332981,1.032426802,1.046514806
11.655,1.044490502,1.009362048,1.06931557,1.089333212,1.032427314,1.046515366
11.67165,1.044490645,1.009362565,1.069316117,1.089333453,1.032427833,1.046515934
11.6883,1.044490794,1.009363089,1.069316673,1.089333703,1.03242836,1.046516509
11.70495,1.044490946,1.009363621,1.069317236,1.089333963,1.032428894,1.046517092
11.7216,1.044491103,1.009364162,1.069317808,1.089334232,1.032429435,1.046517683
11.73825,1.044491265,1.00936471,1.069318388,1.089334511,1.032429984,1.046518282
11.7549,1.044491431,1.009365266,1.069318976,1.089334799,1.03243054,1.046518888
11.77155,1.044491602,1.009365831,1.069319573,1.089335097,1.032431103,1.046519503
11.7882,1.044491777,1.009366404,1.069320177,1.089335405,1.032431674,1.046520125
11.80485,1.044491957,1.009366984,1.069320791,1.089335722,1.032432253,1.046520756
11.8215,1.044492142,1.009367573,1.069321413,1.08933605,1.032432839,1.046521394
11.83815,1.044492332,1.009368171,1.069322043,1.089336387,1.032433433,1.04652204
11.8548,1.044492527,1.009368776,1.069322681,1.089336733,1.032434034,1.046522695
11.87145,1.044492726,1.00936939,1.069323329,1.08933709,1.032434643,1.046523358
11.8881,1.044492931,1.009370012,1.069323984,1.089337457,1.03243526,1.046524028
11.90475,1.044493141,1.009370642,1.069324648,1.089337833,1.032435885,1.046524707
11.9214,1.044493355,1.009371281,1.069325321,1.089338219,1.032436517,1.046525394
11.93805,1.044493575,1.009371928,1.069326002,1.089338616,1.032437157,1.046526089
11.9547,1.0444938,1.009372583,1.069326692,1.089339022,1.032437804,1.046526792
11.97135,1.04449403,1.009373247,1.069327391,1.089339438,1.03243846,1.046527504
11.988,1.044494265,1.009373919,1.069328098,1.089339864,1.032439123,1.046528223
12.00465,1.044494506,1.009374599,1.069328813,1.0893403,1.032439794,1.046528951
12.0213,1.044494752,1.009375288,1.069329538,1.089340746,1.032440473,1.046529687
12.03795,1.044495003,1.009375985,1.06933027,1.089341202,1.032441159,1.046530431
12.0546,1.04449526,1.009376691,1.069331012,1.089341669,1.032441854,1.046531183
12.07125,1.044495521,1.009377405,1.069331762,1.089342145,1.032442556,1.046531944
12.0879,1.044495789,1.009378127,1.069332521,1.089342631,1.032443266,1.046532713
12.10455,1.044496061,1.009378858,1.069333288,1.089343127,1.032443984,1.04653349
12.1212,1.044496339,1.009379597,1.069334064,1.089343634,1.03244471,1.046534275
12.13785,1.044496623,1.009380345,1.069334849,1.08934415,1.032445443,1.046535069
12.1545,1.044496912,1.009381101,1.069335642,1.089344677,1.032446185,1.04653587
12.17115,1.044497207,1.009381865,1.069336444,1.089345213,1.032446934,1.04653668
12.1878,1.044497507,1.009382638,1.069337254,1.08934576,1.032447691,1.046537498
12.20445,1.044497812,1.009383419,1.069338073,1.089346316,1.032448456,1.046538325
12.2211,1.044498123,1.009384208,1.0693389,1.089346883,1.032449229,1.046539159
12.23775,1.04449844,1.009385006,1.069339737,1.08934746,1.032450009,1.046540002
12.2544,1.044498762,1.009385812,1.069340581,1.089348047,1.032450798,1.046540852
12.27105,1.04449909,1.009386626,1.069341434,1.089348643,1.032451594,1.046541711
12.2877,1.044499424,1.009387449,1.069342296,1.08934925,1.032452397,1.046542578
12.30435,1.044499763,1.00938828,1.069343166,1.089349867,1.032453209,1.046543453
12.321,1.044500108,1.009389119,1.069344045,1.089350494,1.032454028,1.046544336
12.33765,1.044500458,1.009389967,1.069344932,1.089351131,1.032454856,1.046545228
12.3543,1.044500814,1.009390823,1.069345828,1.089351777,1.03245569,1.046546127
12.37095,1.044501176,1.009391686,1.069346732,1.089352434,1.032456533,1.046547034
12.3876,1.044501543,1.009392559,1.069347644,1.089353101,1.032457383,1.04654795
12.40425,1.044501916,1.009393439,1.069348565,1.089353777,1.032458241,1.046548873
12.4209,1.044502294,1.009394327,1.069349494,1.089354464,1.032459106,1.046549804
12.43755,1.044502679,1.009395224,1.069350432,1.08935516,1.032459979,1.046550743
12.4542,1.044503068,1.009396128,1.069351378,1.089355867,1.03246086,1.04655169
12.47085,1.044503464,1.009397041,1.069352332,1.089356583,1.032461748,1.046552645
12.4875,1.044503865,1.009397961,1.069353294,1.089357309,1.032462644,1.046553608
12.50415,1.044504272,1.00939889,1.069354264,1.089358044,1.032463547,1.046554578
12.5208,1.044504684,1.009399826,1.069355243,1.08935879,1.032464458,1.046555557
12.53745,1.044505102,1.009400771,1.06935623,1.089359545,1.032465376,1.046556543
12.5541,1.044505525,1.009401723,1.069357224,1.08936031,1.032466301,1.046557537
12.57075,1.044505955,1.009402683,1.069358227,1.089361084,1.032467234,1.046558538
12.5874,1.044506389,1.009403651,1.069359238,1.089361869,1.032468174,1.046559547
12.60405,1.04450683,1.009404627,1.069360257,1.089362663,1.032469122,1.046560564
12.6207,1.044507276,1.00940561,1.069361284,1.089363466,1.032470076,1.046561588
12.63735,1.044507727,1.009406601,1.069362319,1.089364279,1.032471038,1.04656262
12.654,1.044508184,1.0094076,1.069363361,1.089365102,1.032472007,1.046563659
12.67065,1.044508646,1.009408607,1.069364412,1.089365934,1.032472984,1.046564705
12.6873,1.044509114,1.009409621,1.06936547,1.089366775,1.032473967,1.046565759
12.70395,1.044509588,1.009410642,1.069366536,1.089367626,1.032474958,1.046566821
12.7206,1.044510067,1.009411671,1.069367609,1.089368486,1.032475955,1.046567889
12.73725,1.044510551,1.009412707,1.06936869,1.089369356,1.03247696,1.046568965
12.7539,1.044511041,1.009413751,1.069369779,1.089370235,1.032477971,1.046570048
12.77055,1.044511537,1.009414802,1.069370876,1.089371123,1.032478989,1.046571139
12.7872,1.044512037,1.00941586,1.06937198,1.089372021,1.032480015,1.046572236
12.80385,1.044512544,1.009416926,1.069373091,1.089372927,1.032481047,1.04657334
12.8205,1.044513055,1.009417999,1.06937421,1.089373843,1.032482085,1.046574452
12.83715,1.044513572,1.009419079,1.069375336,1.089374768,1.032483131,1.04657557
12.8538,1.044514094,1.009420165,1.069376469,1.089375702,1.032484183,1.046576696
12.87045,1.044514621,1.009421259,1.06937761,1.089376645,1.032485242,1.046577828
12.8871,1.044515154,1.00942236,1.069378757,1.089377596,1.032486307,1.046578967
12.90375,1.044515692,1.009423468,1.069379912,1.089378557,1.032487379,1.046580113
12.9204,1.044516235,1.009424583,1.069381074,1.089379527,1.032488458,1.046581265
12.93705,1.044516783,1.009425705,1.069382243,1.089380505,1.032489542,1.046582424
12.9537,1.044517337,1.009426833,1.069383419,1.089381493,1.032490633,1.04658359
12.97035,1.044517895,1.009427968,1.069384602,1.089382489,1.032491731,1.046584762
12.987,1.044518459,1.00942911,1.069385792,1.089383493,1.032492835,1.046585941
13.00365,1.044519028,1.009430258,1.069386989,1.089384507,1.032493945,1.046587126
13.0203,1.044519602,1.009431413,1.069388192,1.089385528,1.032495061,1.046588317
13.03695,1.04452018,1.009432574,1.069389402,1.089386559,1.032496183,1.046589515
13.0536,1.044520764,1.009433742,1.069390618,1.089387598,1.032497311,1.046590719
13.07025,1.044521353,1.009434916,1.069391842,1.089388645,1.032498445,1.046591929
13.0869,1.044521947,1.009436096,1.069393071,1.0893897,1.032499585,1.046593146
13.10355,1.044522545,1.009437283,1.069394307,1.089390764,1.032500731,1.046594368
13.1202,1.044523148,1.009438476,1.06939555,1.089391837,1.032501883,1.046595596
13.13685,1.044523757,1.009439675,1.069396799,1.089392917,1.032503041,1.046596831
13.1535,1.04452437,1.00944088,1.069398054,1.089394006,1.032504204,1.046598071
13.17015,1.044524987,1.009442091,1.069399315,1.089395102,1.032505373,1.046599317
13.1868,1.04452561,1.009443307,1.069400582,1.089396207,1.032506547,1.046600569
13.20345,1.044526237,1.00944453,1.069401856,1.089397319,1.032507727,1.046601826
13.2201,1.044526869,1.009445759,1.069403135,1.08939844,1.032508913,1.046603089
13.23675,1.044527505,1.009446993,1.06940442,1.089399568,1.032510103,1.046604358
13.2534,1.044528146,1.009448233,1.069405711,1.089400704,1.0325113,1.046605632
13.27005,1.044528791,1.009449478,1.069407008,1.089401848,1.032512501,1.046606911
13.2867,1.044529441,1.009450729,1.069408311,1.089403,1.032513708,1.046608196
13.30335,1.044530095,1.009451986,1.069409619,1.089404159,1.032514919,1.046609486
13.32,1.044530754,1.009453247,1.069410933,1.089405326,1.032516136,1.046610782
13.33665,1.044531417,1.009454515,1.069412253,1.0894065,1.032517358,1.046612082
13.3533,1.044532085,1.009455787,1.069413578,1.089407682,1.032518585,1.046613388
13.36995,1.044532756,1.009457065,1.069414908,1.089408871,1.032519816,1.046614698
13.3866,1.044533432,1.009458347,1.069416243,1.089410067,1.032521053,1.046616014
13.40325,1.044534113,1.009459635,1.069417584,1.089411271,1.032522294,1.046617335
13.4199,1.044534797,1.009460928,1.06941893,1.089412482,1.03252354,1.04661866
13.43655,1.044535485,1.009462226,1.069420281,1.0894137,1.03252479,1.04661999
13.4532,1.044536178,1.009463528,1.069421637,1.089414925,1.032526045,1.046621325
13.46985,1.044536875,1.009464836,1.069422999,1.089416157,1.032527305,1.046622664
13.4865,1.044537575,1.009466148,1.069424365,1.089417395,1.032528569,1.046624008
13.50315,1.04453828,1.009467465,1.069425735,1.089418641,1.032529837,1.046625356
13.5198,1.044538988,1.009468786,1.069427111,1.089419894,1.03253111,1.046626709
13.53645,1.044539701,1.009470112,1.069428491,1.089421153,1.032532387,1.046628066
13.5531,1.044540417,1.009471442,1.069429876,1.089422419,1.032533668,1.046629427
13.56975,1.044541137,1.009472777,1.069431265,1.089423691,1.032534953,1.046630793
13.5864,1.04454186,1.009474115,1.069432659,1.08942497,1.032536242,1.046632162
13.60305,1.044542588,1.009475459,1.069434057,1.089426256,1.032537535,1.046633536
13.6197,1.044543319,1.009476806,1.06943546,1.089427548,1.032538832,1.046634913
13.63635,1.044544053,1.009478157,1.069436867,1.089428846,1.032540132,1.046636295
13.653,1.044544792,1.009479512,1.069438278,1.089430151,1.032541437,1.04663768
13.66965,1.044545533,1.009480872,1.069439693,1.089431461,1.032542745,1.046639069
13.6863,1.044546278,1.009482235,1.069441112,1.089432778,1.032544057,1.046640462
13.70295,1.044547027,1.009483602,1.069442535,1.089434101,1.032545372,1.046641858
13.7196,1.044547779,1.009484972,1.069443962,1.08943543,1.032546691,1.046643258
13.73625,1.044548534,1.009486347,1.069445392,1.089436765,1.032548013,1.046644661
13.7529,1.044549293,1.009487724,1.069446827,1.089438105,1.032549338,1.046646068
13.76955,1.044550055,1.009489106,1.069448265,1.089439452,1.032550667,1.046647478
13.7862,1.04455082,1.00949049,1.069449707,1.089440804,1.032551999,1.046648891
13.80285,1.044551588,1.009491878,1.069451152,1.089442162,1.032553334,1.046650307
13.8195,1.044552359,1.00949327,1.0694526,1.089443525,1.032554672,1.046651727
13.83615,1.044553134,1.009494664,1.069454052,1.089444894,1.032556013,1.046653149
13.8528,1.044553911,1.009496062,1.069455507,1.089446268,1.032557357,1.046654575
13.86945,1.044554692,1.009497463,1.069456966,1.089447648,1.032558703,1.046656003
13.8861,1.044555475,1.009498866,1.069458427,1.089449033,1.032560053,1.046657434
13.90275,1.044556261,1.009500273,1.069459892,1.089450423,1.032561405,1.046658868
13.9194,1.04455705,1.009501683,1.06946136,1.089451818,1.03256276,1.046660305
13.93605,1.044557842,1.009503095,1.06946283,1.089453218,1.032564117,1.046661744
13.9527,1.044558636,1.00950451,1.069464303,1.089454624,1.032565477,1.046663185
13.96935,1.044559433,1.009505927,1.069465779,1.089456034,1.032566839,1.046664629
13.986,1.044560233,1.009507347,1.069467258,1.089457449,1.032568204,1.046666075
14.00265,1.044561035,1.00950877,1.06946874,1.089458869,1.03256957,1.046667524
14.0193,1.04456184,1.009510195,1.069470223,1.089460294,1.032570939,1.046668975
14.03595,1.044562648,1.009511622,1.06947171,1.089461723,1.032572311,1.046670428
14.0526,1.044563458,1.009513051,1.069473198,1.089463157,1.032573684,1.046671883
14.06925,1.04456427,1.009514483,1.069474689,1.089464596,1.032575059,1.04667334
14.0859,1.044565085,1.009515917,1.069476183,1.089466039,1.032576436,1.046674798
14.10255,1.044565902,1.009517353,1.069477678,1.089467486,1.032577815,1.046676259
14.1192,1.044566721,1.00951879,1.069479176,1.089468937,1.032579196,1.046677722
14.13585,1.044567542,1.00952023,1.069480675,1.089470393,1.032580578,1.046679186
14.1525,1.044568366,1.009521672,1.069482176,1.089471853,1.032581962,1.046680651
14.16915,1.044569191,1.009523115,1.06948368,1.089473317,1.032583348,1.046682119
14.1858,1.044570019,1.00952456,1.069485185,1.089474785,1.032584735,1.046683587
14.20245,1.044570849,1.009526006,1.069486691,1.089476257,1.032586123,1.046685058
14.2191,1.044571681,1.009527454,1.0694882,1.089477733,1.032587513,1.046686529
14.23575,1.044572515,1.009528903,1.06948971,1.089479212,1.032588904,1.046688002
14.2524,1.04457335,1.009530354,1.069491221,1.089480696,1.032590297,1.046689476
14.26905,1.044574188,1.009531806,1.069492734,1.089482183,1.03259169,1.046690951
14.2857,1.044575027,1.00953326,1.069494248,1.089483673,1.032593085,1.046692427
14.30235,1.044575868,1.009534714,1.069495763,1.089485167,1.032594481,1.046693904
14.319,1.04457671,1.00953617,1.06949728,1.089486665,1.032595877,1.046695382
14.33565,1.044577555,1.009537626,1.069498798,1.089488166,1.032597275,1.04669686
14.3523,1.044578401,1.009539084,1.069500316,1.08948967,1.032598673,1.04669834
14.36895,1.044579248,1.009540542,1.069501836,1.089491177,1.032600072,1.04669982
14.3856,1.044580097,1.009542001,1.069503357,1.089492687,1.032601471,1.0467013
14.40225,1.044580947,1.009543461,1.069504878,1.089494201,1.032602872,1.046702782
14.4189,1.044581799,1.009544922,1.0695064,1.089495717,1.032604272,1.046704263
14.43555,1.044582652,1.009546383,1.069507923,1.089497237,1.032605673,1.046705745
14.4522,1.044583507,1.009547844,1.069509446,1.089498759,1.032607075,1.046707227
14.46885,1.044584363,1.009549307,1.06951097,1.089500284,1.032608477,1.04670871
14.4855,1.04458522,1.009550769,1.069512494,1.089501812,1.032609879,1.046710193
14.50215,1.044586078,1.009552232,1.069514019,1.089503342,1.032611281,1.046711675
14.5188,1.044586937,1.009553695,1.069515544,1.089504875,1.032612684,1.046713158
14.53545,1.044587798,1.009555158,1.069517069,1.089506411,1.032614086,1.046714641
14.5521,1.044588659,1.009556621,1.069518595,1.089507949,1.032615488,1.046716124
14.56875,1.044589522,1.009558084,1.06952012,1.089509489,1.032616891,1.046717606
14.5854,1.044590385,1.009559547,1.069521646,1.089511031,1.032618293,1.046719088
14.60205,1.04459125,1.00956101,1.069523171,1.089512576,1.032619695,1.04672057
14.6187,1.044592115,1.009562473,1.069524696,1.089514123,1.032621097,1.046722052
14.63535,1.044592981,1.009563936,1.069526222,1.089515672,1.032622498,1.046723533
14.652,1.044593848,1.009565398,1.069527746,1.089517222,1.032623899,1.046725013
14.66865,1.044594715,1.00956686,1.069529271,1.089518775,1.032625299,1.046726493
14.6853,1.044595583,1.009568321,1.069530795,1.08952033,1.032626699,1.046727972
14.70195,1.044596452,1.009569782,1.069532318,1.089521886,1.032628098,1.04672945
14.7186,1.044597322,1.009571243,1.069533841,1.089523444,1.032629497,1.046730928
14.73525,1.044598192,1.009572702,1.069535364,1.089525004,1.032630894,1.046732404
14.7519,1.044599062,1.009574161,1.069536885,1.089526565,1.032632291,1.04673388
14.76855,1.044599933,1.009575619,1.069538406,1.089528128,1.032633687,1.046735355
14.7852,1.044600804,1.009577076,1.069539926,1.089529692,1.032635082,1.046736828
14.80185,1.044601676,1.009578532,1.069541446,1.089531258,1.032636477,1.046738301
14.8185,1.044602548,1.009579987,1.069542964,1.089532825,1.03263787,1.046739772
14.83515,1.044603421,1.009581442,1.069544481,1.089534393,1.032639261,1.046741242
14.8518,1.044604293,1.009582895,1.069545997,1.089535962,1.032640652,1.04674271
14.86845,1.044605166,1.009584346,1.069547512,1.089537532,1.032642041,1.046744177
14.8851,1.044606039,1.009585797,1.069549025,1.089539104,1.032643429,1.046745643
14.90175,1.044606912,1.009587246,1.069550537,1.089540676,1.032644816,1.046747107
14.9184,1.044607785,1.009588694,1.069552048,1.089542249,1.032646201,1.046748569
14.93505,1.044608658,1.00959014,1.069553558,1.089543823,1.032647585,1.04675003
14.9517,1.044609531,1.009591584,1.069555065,1.089545397,1.032648967,1.046751489
14.96835,1.044610404,1.009593028,1.069556572,1.089546972,1.032650347,1.046752946
14.985,1.044611277,1.009594469,1.069558076,1.089548548,1.032651726,1.046754401
15.00165,1.04461215,1.009595909,1.069559579,1.089550124,1.032653103,1.046755855
15.0183,1.044613022,1.009597346,1.06956108,1.089551701,1.032654478,1.046757306
15.03495,1.044613895,1.009598782,1.069562579,1.089553278,1.032655851,1.046758755
15.0516,1.044614767,1.009600217,1.069564077,1.089554855,1.032657222,1.046760202
15.06825,1.044615638,1.009601649,1.069565572,1.089556433,1.032658592,1.046761647
15.0849,1.04461651,1.009603079,1.069567065,1.08955801,1.032659959,1.046763089
15.10155,1.044617381,1.009604506,1.069568556,1.089559588,1.032661324,1.046764529
15.1182,1.044618251,1.009605932,1.069570045,1.089561166,1.032662686,1.046765967
15.13485,1.044619121,1.009607356,1.069571532,1.089562744,1.032664047,1.046767402
15.1515,1.044619991,1.009608777,1.069573016,1.089564322,1.032665405,1.046768835
15.16815,1.04462086,1.009610195,1.069574498,1.089565899,1.032666761,1.046770265
15.1848,1.044621728,1.009611612,1.069575977,1.089567476,1.032668114,1.046771692
15.20145,1.044622595,1.009613026,1.069577454,1.089569053,1.032669465,1.046773117
15.2181,1.044623462,1.009614437,1.069578928,1.08957063,1.032670813,1.046774539
15.23475,1.044624329,1.009615846,1.0695804,1.089572206,1.032672159,1.046775958
15.2514,1.044625194,1.009617251,1.069581869,1.089573781,1.032673502,1.046777374
15.26805,1.044626059,1.009618655,1.069583335,1.089575356,1.032674842,1.046778787
15.2847,1.044626923,1.009620055,1.069584798,1.089576931,1.03267618,1.046780197
15.30135,1.044627785,1.009621453,1.069586259,1.089578504,1.032677514,1.046781604
15.318,1.044628647,1.009622847,1.069587716,1.089580077,1.032678846,1.046783008
15.33465,1.044629508,1.009624239,1.069589171,1.089581649,1.032680174,1.046784409
15.3513,1.044630368,1.009625627,1.069590622,1.08958322,1.0326815,1.046785806
15.36795,1.044631227,1.009627013,1.06959207,1.08958479,1.032682823,1.0467872
15.3846,1.044632085,1.009628395,1.069593515,1.089586359,1.032684142,1.046788591
15.40125,1.044632942,1.009629774,1.069594957,1.089587927,1.032685458,1.046789978
15.4179,1.044633798,1.00963115,1.069596395,1.089589493,1.032686771,1.046791362
15.43455,1.044634652,1.009632523,1.06959783,1.089591059,1.032688081,1.046792742
15.4512,1.044635505,1.009633892,1.069599262,1.089592623,1.032689387,1.046794118
15.46785,1.044636357,1.009635257,1.06960069,1.089594185,1.03269069,1.046795491
15.4845,1.044637207,1.009636619,1.069602114,1.089595747,1.032691989,1.04679686
15.50115,1.044638056,1.009637978,1.069603535,1.089597306,1.032693285,1.046798225
15.5178,1.044638904,1.009639333,1.069604952,1.089598864,1.032694578,1.046799587
15.53445,1.044639751,1.009640684,1.069606365,1.089600421,1.032695866,1.046800944
15.5511,1.044640595,1.009642031,1.069607775,1.089601976,1.032697151,1.046802298
15.56775,1.044641439,1.009643375,1.06960918,1.089603528,1.032698432,1.046803647
15.5844,1.04464228,1.009644715,1.069610582,1.08960508,1.03269971,1.046804992
15.60105,1.044643121,1.009646051,1.069611979,1.089606629,1.032700983,1.046806334
15.6177,1.044643959,1.009647383,1.069613373,1.089608176,1.032702253,1.046807671
15.63435,1.044644796,1.009648711,1.069614763,1.089609721,1.032703519,1.046809003
15.651,1.044645631,1.009650034,1.069616148,1.089611264,1.03270478,1.046810332
15.66765,1.044646465,1.009651354,1.069617529,1.089612805,1.032706038,1.046811656
15.6843,1.044647297,1.00965267,1.069618906,1.089614344,1.032707291,1.046812976
15.70095,1.044648127,1.009653981,1.069620278,1.08961588,1.032708541,1.046814291
15.7176,1.044648955,1.009655288,1.069621647,1.089617414,1.032709786,1.046815602
15.73425,1.044649781,1.009656591,1.06962301,1.089618946,1.032711026,1.046816908
15.7509,1.044650605,1.009657889,1.069624369,1.089620475,1.032712263,1.046818209
15.76755,1.044651428,1.009659183,1.069625724,1.089622002,1.032713495,1.046819506
15.7842,1.044652248,1.009660472,1.069627074,1.089623526,1.032714723,1.046820798
15.80085,1.044653067,1.009661756,1.069628419,1.089625047,1.032715946,1.046822085
15.8175,1.044653883,1.009663037,1.06962976,1.089626566,1.032717165,1.046823367
15.83415,1.044654697,1.009664312,1.069631096,1.089628082,1.032718379,1.046824645
15.8508,1.044655509,1.009665583,1.069632427,1.089629595,1.032719588,1.046825917
15.86745,1.044656319,1.009666849,1.069633753,1.089631105,1.032720793,1.046827185
15.8841,1.044657127,1.00966811,1.069635074,1.089632612,1.032721993,1.046828447
15.90075,1.044657933,1.009669366,1.06963639,1.089634116,1.032723189,1.046829705
15.9174,1.044658736,1.009670617,1.069637701,1.089635617,1.032724379,1.046830957
15.93405,1.044659537,1.009671864,1.069639007,1.089637115,1.032725565,1.046832204
15.9507,1.044660336,1.009673105,1.069640308,1.08963861,1.032726745,1.046833446
15.96735,1.044661132,1.009674341,1.069641603,1.089640101,1.032727921,1.046834682
15.984,1.044661926,1.009675572,1.069642894,1.089641589,1.032729092,1.046835913
16.00065,1.044662718,1.009676798,1.069644179,1.089643074,1.032730258,1.046837139
16.0173,1.044663507,1.009678019,1.069645458,1.089644555,1.032731418,1.046838359
16.03395,1.044664294,1.009679235,1.069646733,1.089646032,1.032732574,1.046839574
16.0506,1.044665078,1.009680445,1.069648001,1.089647507,1.032733724,1.046840783
16.06725,1.04466586,1.00968165,1.069649265,1.089648977,1.032734869,1.046841986
16.0839,1.044666639,1.009682849,1.069650522,1.089650444,1.032736009,1.046843184
16.10055,1.044667415,1.009684043,1.069651775,1.089651907,1.032737143,1.046844377
16.1172,1.044668189,1.009685231,1.069653021,1.089653366,1.032738272,1.046845563
16.13385,1.04466896,1.009686414,1.069654262,1.089654821,1.032739396,1.046846744
16.1505,1.044669728,1.009687592,1.069655497,1.089656273,1.032740514,1.046847919
16.16715,1.044670494,1.009688763,1.069656726,1.08965772,1.032741627,1.046849088
16.1838,1.044671257,1.009689929,1.069657949,1.089659164,1.032742734,1.046850251
16.20045,1.044672017,1.009691089,1.069659167,1.089660603,1.032743836,1.046851408
16.2171,1.044672774,1.009692244,1.069660378,1.089662038,1.032744931,1.046852559
16.23375,1.044673528,1.009693392,1.069661583,1.089663469,1.032746022,1.046853704
16.2504,1.04467428,1.009694535,1.069662783,1.089664896,1.032747106,1.046854843
16.26705,1.044675029,1.009695672,1.069663976,1.089666318,1.032748185,1.046855976
16.2837,1.044675774,1.009696803,1.069665163,1.089667736,1.032749258,1.046857102
16.30035,1.044676517,1.009697927,1.069666344,1.08966915,1.032750325,1.046858222
16.317,1.044677256,1.009699046,1.069667519,1.089670559,1.032751386,1.046859336
16.33365,1.044677993,1.009700159,1.069668687,1.089671963,1.032752441,1.046860444
16.3503,1.044678727,1.009701265,1.06966985,1.089673363,1.032753491,1.046861546
16.36695,1.044679457,1.009702366,1.069671005,1.089674758,1.032754534,1.04686264
16.3836,1.044680184,1.00970346,1.069672155,1.089676149,1.032755571,1.046863729
16.40025,1.044680908,1.009704548,1.069673297,1.089677535,1.032756602,1.046864811
16.4169,1.044681629,1.009705629,1.069674434,1.089678916,1.032757627,1.046865886
16.43355,1.044682347,1.009706705,1.069675564,1.089680292,1.032758646,1.046866955
16.4502,1.044683061,1.009707773,1.069676687,1.089681663,1.032759659,1.046868018
16.46685,1.044683773,1.009708836,1.069677803,1.089683029,1.032760665,1.046869073
16.4835,1.044684481,1.009709892,1.069678913,1.08968439,1.032761665,1.046870122
16.50015,1.044685185,1.009710941,1.069680016,1.089685746,1.032762659,1.046871164
16.5168,1.044685886,1.009711984,1.069681113,1.089687097,1.032763647,1.0468722
16.53345,1.044686584,1.00971302,1.069682202,1.089688443,1.032764628,1.046873228
16.5501,1.044687279,1.00971405,1.069683285,1.089689784,1.032765602,1.04687425
16.56675,1.04468797,1.009715073,1.069684361,1.089691119,1.03276657,1.046875265
16.5834,1.044688657,1.009716089,1.06968543,1.089692449,1.032767532,1.046876273
16.60005,1.044689341,1.009717099,1.069686492,1.089693773,1.032768487,1.046877273
16.6167,1.044690022,1.009718101,1.069687547,1.089695092,1.032769435,1.046878267
16.63335,1.044690699,1.009719097,1.069688595,1.089696406,1.032770377,1.046879254
16.65,1.044691372,1.009720086,1.069689636,1.089697714,1.032771313,1.046880234
16.66665,1.044692042,1.009721068,1.069690669,1.089699016,1.032772241,1.046881207
16.6833,1.044692708,1.009722043,1.069691696,1.089700313,1.032773163,1.046882172
16.69995,1.044693371,1.009723012,1.069692715,1.089701604,1.032774078,1.04688313
16.7166,1.04469403,1.009723973,1.069693727,1.089702889,1.032774986,1.046884081
16.73325,1.044694685,1.009724927,1.069694732,1.089704168,1.032775888,1.046885025
16.7499,1.044695336,1.009725874,1.069695729,1.089705442,1.032776782,1.046885962
16.76655,1.044695984,1.009726814,1.069696719,1.08970671,1.03277767,1.046886891
16.7832,1.044696628,1.009727747,1.069697702,1.089707972,1.03277855,1.046887812
16.79985,1.044697268,1.009728672,1.069698677,1.089709227,1.032779424,1.046888727
16.8165,1.044697905,1.009729591,1.069699645,1.089710477,1.032780291,1.046889634
16.83315,1.044698537,1.009730502,1.069700605,1.089711721,1.032781151,1.046890533
16.8498,1.044699166,1.009731406,1.069701558,1.089712958,1.032782003,1.046891425
16.86645,1.04469979,1.009732302,1.069702503,1.089714189,1.032782849,1.046892309
16.8831,1.044700411,1.009733191,1.069703441,1.089715414,1.032783688,1.046893186
16.89975,1.044701028,1.009734073,1.069704371,1.089716633,1.032784519,1.046894055
16.9164,1.044701641,1.009734947,1.069705293,1.089717846,1.032785343,1.046894917
16.93305,1.04470225,1.009735814,1.069706207,1.089719052,1.03278616,1.046895771
16.9497,1.044702855,1.009736673,1.069707114,1.089720251,1.03278697,1.046896617
16.96635,1.044703455,1.009737525,1.069708013,1.089721444,1.032787772,1.046897455
16.983,1.044704052,1.00973837,1.069708904,1.089722631,1.032788567,1.046898286
16.99965,1.044704645,1.009739206,1.069709787,1.089723811,1.032789355,1.046899109
17.0163,1.044705234,1.009740035,1.069710663,1.089724985,1.032790135,1.046899924
17.03295,1.044705818,1.009740857,1.06971153,1.089726151,1.032790908,1.046900731
17.0496,1.044706398,1.00974167,1.069712389,1.089727311,1.032791674,1.04690153
17.06625,1.044706974,1.009742477,1.069713241,1.089728465,1.032792432,1.046902322
17.0829,1.044707546,1.009743275,1.069714084,1.089729611,1.032793183,1.046903105
17.09955,1.044708114,1.009744065,1.06971492,1.089730751,1.032793926,1.04690388
17.1162,1.044708678,1.009744848,1.069715747,1.089731884,1.032794662,1.046904648
17.13285,1.044709237,1.009745623,1.069716566,1.08973301,1.03279539,1.046905407
17.1495,1.044709792,1.00974639,1.069717378,1.089734129,1.032796111,1.046906159
17.16615,1.044710343,1.009747149,1.06971818,1.089735241,1.032796823,1.046906902
17.1828,1.044710889,1.0097479,1.069718975,1.089736346,1.032797529,1.046907637
17.19945,1.044711431,1.009748644,1.069719762,1.089737444,1.032798226,1.046908364
17.2161,1.044711969,1.009749379,1.06972054,1.089738535,1.032798916,1.046909083
17.23275,1.044712502,1.009750107,1.06972131,1.089739619,1.032799599,1.046909794
17.2494,1.044713031,1.009750826,1.069722072,1.089740695,1.032800273,1.046910496
17.26605,1.044713555,1.009751537,1.069722825,1.089741764,1.03280094,1.04691119
17.2827,1.044714075,1.00975224,1.06972357,1.089742826,1.032801599,1.046911876
17.29935,1.044714591,1.009752936,1.069724306,1.089743881,1.03280225,1.046912554
17.316,1.044715102,1.009753623,1.069725035,1.089744928,1.032802894,1.046913223
17.33265,1.044715609,1.009754302,1.069725754,1.089745968,1.032803529,1.046913884
17.3493,1.044716111,1.009754972,1.069726466,1.089747,1.032804157,1.046914537
17.36595,1.044716608,1.009755635,1.069727168,1.089748025,1.032804777,1.046915181
17.3826,1.044717101,1.009756289,1.069727862,1.089749042,1.032805388,1.046915817
17.39925,1.04471759,1.009756935,1.069728548,1.089750052,1.032805992,1.046916444
17.4159,1.044718074,1.009757573,1.069729225,1.089751054,1.032806588,1.046917063
17.43255,1.044718553,1.009758203,1.069729894,1.089752049,1.032807176,1.046917674
17.4492,1.044719027,1.009758824,1.069730554,1.089753036,1.032807756,1.046918276
17.46585,1.044719497,1.009759437,1.069731205,1.089754015,1.032808328,1.046918869
17.4825,1.044719963,1.009760041,1.069731847,1.089754986,1.032808892,1.046919454
17.49915,1.044720423,1.009760637,1.069732481,1.08975595,1.032809448,1.046920031
17.5158,1.044720879,1.009761225,1.069733106,1.089756906,1.032809996,1.046920598
17.53245,1.044721331,1.009761804,1.069733723,1.089757854,1.032810535,1.046921158
17.5491,1.044721777,1.009762375,1.06973433,1.089758794,1.032811067,1.046921708
17.56575,1.044722219,1.009762938,1.069734929,1.089759726,1.03281159,1.04692225
17.5824,1.044722656,1.009763492,1.069735519,1.08976065,1.032812106,1.046922783
17.59905,1.044723088,1.009764037,1.069736101,1.089761566,1.032812613,1.046923308
17.6157,1.044723516,1.009764574,1.069736673,1.089762474,1.032813112,1.046923824
17.63235,1.044723938,1.009765103,1.069737237,1.089763374,1.032813602,1.046924331
17.649,1.044724356,1.009765623,1.069737791,1.089764266,1.032814085,1.04692483
17.66565,1.044724769,1.009766134,1.069738337,1.08976515,1.032814559,1.046925319
17.6823,1.044725177,1.009766637,1.069738874,1.089766026,1.032815025,1.0469258
17.69895,1.04472558,1.009767131,1.069739402,1.089766893,1.032815483,1.046926273
17.7156,1.044725979,1.009767616,1.069739921,1.089767753,1.032815932,1.046926736
17.73225,1.044726372,1.009768093,1.069740431,1.089768604,1.032816374,1.046927191
17.7489,1.044726761,1.009768561,1.069740932,1.089769446,1.032816806,1.046927636
17.76555,1.044727144,1.009769021,1.069741424,1.089770281,1.032817231,1.046928073
17.7822,1.044727523,1.009769472,1.069741907,1.089771107,1.032817647,1.046928501
17.79885,1.044727897,1.009769914,1.069742381,1.089771925,1.032818055,1.04692892
17.8155,1.044728266,1.009770347,1.069742845,1.089772734,1.032818454,1.046929331
17.83215,1.04472863,1.009770772,1.069743301,1.089773535,1.032818845,1.046929732
17.8488,1.044728988,1.009771188,1.069743748,1.089774327,1.032819228,1.046930125
17.86545,1.044729342,1.009771595,1.069744186,1.089775111,1.032819602,1.046930508
17.8821,1.044729691,1.009771994,1.069744614,1.089775886,1.032819968,1.046930883
17.89875,1.044730035,1.009772383,1.069745033,1.089776653,1.032820325,1.046931249
17.9154,1.044730374,1.009772764,1.069745444,1.089777411,1.032820674,1.046931605
17.93205,1.044730707,1.009773136,1.069745845,1.089778161,1.032821015,1.046931953
17.9487,1.044731036,1.0097735,1.069746236,1.089778901,1.032821347,1.046932292
17.96535,1.04473136,1.009773854,1.069746619,1.089779634,1.03282167,1.046932622
17.982,1.044731678,1.009774199,1.069746993,1.089780357,1.032821985,1.046932943
17.99865,1.044731991,1.009774536,1.069747357,1.089781072,1.032822292,1.046933254
18.0153,1.0447323,1.009774864,1.069747712,1.089781778,1.03282259,1.046933557
18.03195,1.044732603,1.009775183,1.069748058,1.089782475,1.032822879,1.046933851
18.0486,1.044732901,1.009775493,1.069748394,1.089783164,1.03282316,1.046934135
18.06525,1.044733194,1.009775794,1.069748722,1.089783844,1.032823433,1.046934411
18.0819,1.044733481,1.009776086,1.06974904,1.089784514,1.032823697,1.046934678
18.09855,1.044733764,1.00977637,1.069749348,1.089785176,1.032823952,1.046934935
18.1152,1.044734041,1.009776644,1.069749648,1.089785829,1.032824199,1.046935184
18.13185,1.044734313,1.009776909,1.069749938,1.089786473,1.032824437,1.046935423
18.1485,1.04473458,1.009777166,1.069750219,1.089787109,1.032824667,1.046935653
18.16515,1.044734842,1.009777413,1.069750491,1.089787735,1.032824888,1.046935875
18.1818,1.044735099,1.009777652,1.069750753,1.089788352,1.032825101,1.046936087
18.19845,1.04473535,1.009777882,1.069751006,1.08978896,1.032825305,1.04693629
18.2151,1.044735596,1.009778102,1.069751249,1.089789559,1.0328255,1.046936484
18.23175,1.044735837,1.009778314,1.069751484,1.08979015,1.032825687,1.046936668
18.2484,1.044736073,1.009778517,1.069751708,1.089790731,1.032825865,1.046936844
18.26505,1.044736303,1.00977871,1.069751924,1.089791303,1.032826034,1.046937011
18.2817,1.044736528,1.009778895,1.06975213,1.089791865,1.032826195,1.046937168
18.29835,1.044736748,1.009779071,1.069752327,1.089792419,1.032826348,1.046937316
18.315,1.044736963,1.009779238,1.069752514,1.089792964,1.032826491,1.046937455
18.33165,1.044737172,1.009779395,1.069752693,1.089793499,1.032826626,1.046937585
18.3483,1.044737376,1.009779544,1.069752861,1.089794025,1.032826753,1.046937706
18.36495,1.044737575,1.009779684,1.069753021,1.089794542,1.032826871,1.046937818
18.3816,1.044737768,1.009779814,1.06975317,1.08979505,1.03282698,1.046937921
18.39825,1.044737957,1.009779936,1.069753311,1.089795548,1.03282708,1.046938014
18.4149,1.044738139,1.009780049,1.069753442,1.089796038,1.032827172,1.046938098
18.43155,1.044738317,1.009780152,1.069753564,1.089796518,1.032827256,1.046938174
18.4482,1.044738489,1.009780247,1.069753676,1.089796988,1.03282733,1.04693824
18.46485,1.044738656,1.009780332,1.069753779,1.08979745,1.032827396,1.046938296
18.4815,1.044738817,1.009780409,1.069753873,1.089797902,1.032827454,1.046938344
18.49815,1.044738973,1.009780476,1.069753957,1.089798344,1.032827503,1.046938383
18.5148,1.044739124,1.009780535,1.069754032,1.089798778,1.032827543,1.046938412
18.53145,1.04473927,1.009780584,1.069754097,1.089799202,1.032827574,1.046938432
18.5481,1.04473941,1.009780625,1.069754153,1.089799616,1.032827597,1.046938444
18.56475,1.044739545,1.009780656,1.069754199,1.089800021,1.032827611,1.046938446
18.5814,1.044739674,1.009780679,1.069754237,1.089800417,1.032827617,1.046938439
18.59805,1.044739798,1.009780692,1.069754264,1.089800803,1.032827614,1.046938422
18.6147,1.044739917,1.009780696,1.069754283,1.08980118,1.032827602,1.046938397
18.63135,1.04474003,1.009780692,1.069754292,1.089801547,1.032827582,1.046938362
18.648,1.044740138,1.009780678,1.069754291,1.089801905,1.032827553,1.046938319
18.66465,1.04474024,1.009780655,1.069754281,1.089802254,1.032827516,1.046938266
18.6813,1.044740337,1.009780623,1.069754262,1.089802593,1.03282747,1.046938204
18.69795,1.044740429,1.009780583,1.069754233,1.089802922,1.032827415,1.046938133
18.7146,1.044740515,1.009780533,1.069754195,1.089803242,1.032827352,1.046938053
18.73125,1.044740596,1.009780474,1.069754148,1.089803552,1.03282728,1.046937964
18.7479,1.044740672,1.009780406,1.069754091,1.089803853,1.032827199,1.046937866
18.76455,1.044740742,1.00978033,1.069754025,1.089804145,1.03282711,1.046937759
18.7812,1.044740807,1.009780244,1.06975395,1.089804426,1.032827013,1.046937642
18.79785,1.044740866,1.009780149,1.069753865,1.089804699,1.032826907,1.046937517
18.8145,1.04474092,1.009780046,1.069753771,1.089804961,1.032826792,1.046937382
18.83115,1.044740969,1.009779933,1.069753667,1.089805214,1.032826669,1.046937239
18.8478,1.044741012,1.009779811,1.069753554,1.089805458,1.032826537,1.046937086
18.86445,1.044741049,1.009779681,1.069753432,1.089805692,1.032826397,1.046936925
18.8811,1.044741082,1.009779542,1.0697533,1.089805916,1.032826248,1.046936754
18.89775,1.044741109,1.009779393,1.06975316,1.089806131,1.03282609,1.046936574
18.9144,1.04474113,1.009779236,1.06975301,1.089806336,1.032825924,1.046936386
18.93105,1.044741146,1.00977907,1.06975285,1.089806532,1.03282575,1.046936188
18.9477,1.044741157,1.009778894,1.069752681,1.089806717,1.032825567,1.046935981
18.96435,1.044741162,1.00977871,1.069752503,1.089806894,1.032825376,1.046935766
18.981,1.044741162,1.009778518,1.069752316,1.08980706,1.032825176,1.046935541
18.99765,1.044741157,1.009778316,1.06975212,1.089807217,1.032824967,1.046935308
19.0143,1.044741146,1.009778105,1.069751914,1.089807365,1.032824751,1.046935065
19.03095,1.04474113,1.009777886,1.069751699,1.089807502,1.032824525,1.046934814
19.0476,1.044741108,1.009777657,1.069751475,1.08980763,1.032824292,1.046934554
19.06425,1.044741081,1.00977742,1.069751241,1.089807749,1.03282405,1.046934284
19.0809,1.044741049,1.009777174,1.069750998,1.089807858,1.032823799,1.046934006
19.09755,1.044741011,1.009776919,1.069750747,1.089807957,1.03282354,1.046933719
19.1142,1.044740968,1.009776656,1.069750486,1.089808046,1.032823273,1.046933423
19.13085,1.044740919,1.009776383,1.069750215,1.089808126,1.032822998,1.046933119
19.1475,1.044740865,1.009776102,1.069749936,1.089808196,1.032822714,1.046932805
19.16415,1.044740806,1.009775812,1.069749648,1.089808257,1.032822421,1.046932483
19.1808,1.044740741,1.009775513,1.06974935,1.089808308,1.032822121,1.046932152
19.19745,1.044740671,1.009775206,1.069749043,1.089808349,1.032821812,1.046931812
19.2141,1.044740596,1.00977489,1.069748728,1.089808381,1.032821495,1.046931463
19.23075,1.044740515,1.009774565,1.069748403,1.089808403,1.032821169,1.046931106
19.2474,1.044740429,1.009774232,1.069748069,1.089808415,1.032820835,1.04693074
19.26405,1.044740338,1.009773889,1.069747726,1.089808418,1.032820493,1.046930365
19.2807,1.044740241,1.009773539,1.069747374,1.089808411,1.032820143,1.046929981
19.29735,1.044740139,1.009773179,1.069747013,1.089808394,1.032819785,1.046929589
19.314,1.044740031,1.009772811,1.069746643,1.089808368,1.032819418,1.046929188
19.33065,1.044739919,1.009772434,1.069746264,1.089808332,1.032819043,1.046928779
19.3473,1.0447398,1.009772049,1.069745876,1.089808287,1.03281866,1.046928361
19.36395,1.044739677,1.009771655,1.069745479,1.089808231,1.032818269,1.046927934
19.3806,1.044739548,1.009771253,1.069745073,1.089808167,1.03281787,1.046927499
19.39725,1.044739414,1.009770842,1.069744658,1.089808092,1.032817462,1.046927055
19.4139,1.044739275,1.009770423,1.069744235,1.089808009,1.032817047,1.046926602
19.43055,1.04473913,1.009769995,1.069743802,1.089807915,1.032816623,1.046926141
19.4472,1.044738981,1.009769559,1.069743361,1.089807812,1.032816192,1.046925672
19.46385,1.044738825,1.009769114,1.069742911,1.089807699,1.032815752,1.046925194
19.4805,1.044738665,1.009768661,1.069742452,1.089807577,1.032815304,1.046924707
19.49715,1.044738499,1.009768199,1.069741984,1.089807445,1.032814849,1.046924212
19.5138,1.044738328,1.009767729,1.069741508,1.089807304,1.032814385,1.046923709
19.53045,1.044738152,1.009767251,1.069741023,1.089807153,1.032813914,1.046923198
19.5471,1.044737971,1.009766764,1.069740529,1.089806992,1.032813434,1.046922677
19.56375,1.044737784,1.009766269,1.069740026,1.089806822,1.032812947,1.046922149
19.5804,1.044737592,1.009765765,1.069739515,1.089806643,1.032812451,1.046921612
19.59705,1.044737395,1.009765254,1.069738995,1.089806454,1.032811948,1.046921067
19.6137,1.044737193,1.009764734,1.069738466,1.089806255,1.032811437,1.046920514
19.63035,1.044736985,1.009764206,1.069737929,1.089806047,1.032810919,1.046919953
19.647,1.044736773,1.009763669,1.069737383,1.089805829,1.032810392,1.046919383
19.66365,1.044736555,1.009763125,1.069736829,1.089805602,1.032809858,1.046918805
19.6803,1.044736332,1.009762572,1.069736266,1.089805366,1.032809316,1.046918219
19.69695,1.044736104,1.009762011,1.069735695,1.08980512,1.032808766,1.046917624
19.7136,1.044735871,1.009761442,1.069735115,1.089804865,1.032808208,1.046917022
19.73025,1.044735632,1.009760865,1.069734527,1.0898046,1.032807643,1.046916412
19.7469,1.044735389,1.00976028,1.06973393,1.089804326,1.03280707,1.046915793
19.76355,1.04473514,1.009759687,1.069733325,1.089804042,1.03280649,1.046915166
19.7802,1.044734886,1.009759086,1.069732711,1.089803749,1.032805902,1.046914532
19.79685,1.044734628,1.009758477,1.069732089,1.089803447,1.032805306,1.046913889
19.8135,1.044734364,1.00975786,1.069731459,1.089803135,1.032804703,1.046913239
19.83015,1.044734095,1.009757235,1.069730821,1.089802814,1.032804092,1.04691258
19.8468,1.044733821,1.009756602,1.069730174,1.089802484,1.032803474,1.046911914
19.86345,1.044733542,1.009755961,1.069729519,1.089802144,1.032802848,1.04691124
19.8801,1.044733258,1.009755312,1.069728856,1.089801795,1.032802215,1.046910558
19.89675,1.044732969,1.009754656,1.069728185,1.089801437,1.032801575,1.046909868
19.9134,1.044732675,1.009753992,1.069727505,1.08980107,1.032800927,1.04690917
19.93005,1.044732376,1.00975332,1.069726818,1.089800693,1.032800272,1.046908465
19.9467,1.044732072,1.00975264,1.069726122,1.089800307,1.032799609,1.046907751
19.96335,1.044731763,1.009751953,1.069725418,1.089799912,1.032798939,1.046907031
19.98,1.044731449,1.009751258,1.069724706,1.089799508,1.032798262,1.046906302
